0,1,2
IKBKB,pp,MAP3K11
IKBKB,pp,PRKCQ
IKBKB,pp,MAP4K4
IKBKB,pp,CHUK
IKBKB,pp,EIF2AK2
IKBKB,pp,IKBKB
IKBKB,pp,TGFBR1
IKBKB,pp,TBK1
IKBKB,pp,MAP3K1
IKBKB,pp,PPP2R1A
IKBKB,pp,PRKDC
IKBKB,pp,ATM
IKBKB,pp,CDC2
IKBKB,pp,CSNK2A2
IKBKB,pp,MAPK14
PTK2B,pp,SRC
PTK2B,pp,FYN
PTK2B,pp,RASA1
PTK2B,pp,JAK2
PTK2B,pp,PDPK1
PTK2B,pp,ZAP70
PTK2B,pp,ERBB2
PTK2B,pp,SYK
PTK2B,pp,PTK2B
PTK2B,pp,LCK
PTK2B,pp,EGFR
PTK2B,pp,JAK1
PTK2B,pp,MATK
PTK2B,pp,ERBB3
PTK2B,pp,FLT1
PTK2B,pp,PRKCD
PTK2B,pp,JAK3
PTK2B,pp,LYN
PTK2B,pp,FRAP1
PTK2B,pp,MAPK1
PTK2B,pp,MAPK3
PTK2B,pp,MAPK8
PTK2B,pp,RPS6KB1
PTK2B,pp,MAP3K5
PTK2B,pp,MAPK11
PTK2B,pp,MAPK9
PTK2B,pp,MAPK13
PTK2B,pp,TGFBR2
PTK2B,pp,MAPKAPK3
PTK2B,pp,MAPKAPK5
PTK2B,pp,CDC2L5
PTK2B,pp,RPS6KA5
PTK2B,pp,TAOK2
PTK2B,pp,MAP4K4
PTK2B,pp,MAP4K5
PTK2B,pp,MAP4K1
PTK2B,pp,MAST3
PTK2B,pp,TNIK
PTK2B,pp,STK39
PTK2B,pp,MINK1
PTK2B,pp,PINK1
PTK2B,pp,MAP3K4
PTK2B,pp,PRKDC
PTK2B,pp,HCK
PTK2B,pp,IGF1R
PTK2B,pp,INSR
PTK2B,pp,PTK2
PTK2B,pp,FGFR3
DUSP8,pp,PPP2R1B
MAP2K2,pp,MAP2K2
MAP2K2,pp,MAPK1
MAP2K2,pp,BRAF
MAP2K2,pp,MAPK3
MAP2K2,pp,KSR2
MAP2K2,pp,MAPK9
MAP2K2,pp,ARAF
GRK1,pp,GRK1
GRK1,pp,PRKCB1
TEC,pp,TEC
TEC,pp,JAK1
TEC,pp,KIT
TEC,pp,BMX
TEC,pp,BTK
TEC,pp,ZAP70
TEC,pp,MAP3K12
TEC,pp,MKNK1
TEC,pp,RPS6KA4
TEC,pp,RPS6KA5
TEC,pp,STK17B
TEC,pp,STK17A
TEC,pp,MAP4K4
TEC,pp,OXSR1
TEC,pp,MAP4K5
TEC,pp,MAP4K1
TEC,pp,STK38
TEC,pp,ICK
TEC,pp,TNIK
TEC,pp,DAPK2
TEC,pp,MINK1
TEC,pp,PINK1
TEC,pp,WNK1
TEC,pp,SNF1LK
TEC,pp,TXK
TEC,pp,HCK
TEC,pp,IGF1R
TEC,pp,JAK2
TYRO3,pp,YES1
TYRO3,pp,FYN
TYRO3,pp,SRC
MAPK7,pp,RAF1
MAPK7,pp,MAPK7
MAPK7,pp,MAP2K5
MAPK7,pp,MAP2K1
MAPK7,pp,MAP2K2
MAPK7,pp,MAPK12
ITK,pp,TGFBR1
ITK,pp,ITK
ITK,pp,FYN
ITK,pp,BMX
ITK,pp,SRC
ITK,pp,PRKCQ
ITK,pp,HCK
ITK,pp,INSR
ITK,pp,TEC
ITK,pp,BTK
RET,pp,MAPK14
RET,pp,MAPK9
RET,pp,RET
RET,pp,PTK2
RET,pp,LYN
RET,pp,LCK
RET,pp,IGF1R
RET,pp,PDPK1
RET,pp,MAPK3
RET,pp,MAPK8
RET,pp,MAPK1
TENC1,pp,AXL
TENC1,pp,PLK1
CSNK2A1,pp,PTEN
CSNK2A1,pp,PTPRC
CSNK2A1,pp,CTDP1
CSNK2A1,pp,CDC25B
CSNK2A1,pp,PPP1R2
CSNK2A1,pp,PTPN1
CSNK2A1,pp,PPP1R1B
CSNK2A1,pp,CSNK2A1
CSNK2A1,pp,CSNK2A2
CSNK2A1,pp,GSK3B
CSNK2A1,pp,PHKG2
CSNK2A1,pp,CDC7
CSNK2A1,pp,CAMKK2
CSNK2A1,pp,MAPK9
CSNK2A1,pp,BCR
CSNK2A1,pp,AKT1
CSNK2A1,pp,SRPK1
CSNK2A1,pp,ANP32A
CSNK2A1,pp,PPP1R8
MATK,pp,LYN
MATK,pp,ERBB2
MATK,pp,NTRK1
MATK,pp,SRC
MATK,pp,PDPK1
MATK,pp,MAPK8
MATK,pp,KIT
PPP1R9A,pp,PPP1CA
PPP1R9A,pp,PPP1R2
PPP1R9A,pp,PPP1R9A
PPP1R9A,pp,PPP1R9B
PPP1R9A,pp,RPS6KB1
PPP1R9A,pp,CSNK2A2
PPP1R9A,pp,MAPK14
ACP2,pp,ACPT
KIT,pp,PRKCB1
KIT,pp,ABL1
KIT,pp,BTK
KIT,pp,JAK2
KIT,pp,PTPN6
KIT,pp,PDGFRA
KIT,pp,PRKACB
KIT,pp,PRKG1
KIT,pp,IGF1R
KIT,pp,INSR
KIT,pp,PTPRU
KIT,pp,KIT
KIT,pp,INPP5D
KIT,pp,LCK
MAST2,pp,STK36
CDK5,pp,MAP2K1
CDK5,pp,ERBB3
CDK5,pp,PPP1R2
CDK5,pp,PAK1
CDK5,pp,MAPK10
CDK5,pp,CDKN3
CDK5,pp,LMTK2
CDK5,pp,CDK6
CDK5,pp,CDKL5
CDK5,pp,PPP1R1B
CDK5,pp,PCTK1
CDK5,pp,SRC
CDK5,pp,PTPN2
CDK5,pp,CDK5
EPHA1,pp,EPHA8
EPHA1,pp,EPHA5
SRPK1,pp,SRPK1
SRPK1,pp,NEK4
SRPK1,pp,STK4
SRPK1,pp,AURKA
SRPK1,pp,TEC
SRPK1,pp,TTK
SRPK1,pp,VRK1
SRPK1,pp,ZAP70
SRPK1,pp,MAP3K12
SRPK1,pp,CDC7
SRPK1,pp,MKNK1
SRPK1,pp,RIOK3
SRPK1,pp,RPS6KA4
SRPK1,pp,AURKB
SRPK1,pp,RPS6KA5
SRPK1,pp,STK17B
SRPK1,pp,STK17A
SRPK1,pp,MAP4K4
SRPK1,pp,MELK
SRPK1,pp,OXSR1
SRPK1,pp,PLK4
SRPK1,pp,CIT
SRPK1,pp,MAP4K5
SRPK1,pp,MAP4K1
SRPK1,pp,STK38
SRPK1,pp,ICK
SRPK1,pp,TNIK
SRPK1,pp,DAPK2
SRPK1,pp,MINK1
SRPK1,pp,PINK1
SRPK1,pp,WNK1
SRPK1,pp,SNF1LK
SRPK1,pp,SRPK2
DDR1,pp,PTPN11
DDR1,pp,EPHA2
DDR1,pp,EPHB2
DDR1,pp,EPHB4
DDR1,pp,EPHB6
DDR1,pp,ERBB2
DDR1,pp,ERBB3
DDR1,pp,FLT1
DDR1,pp,LTK
DDR1,pp,ROR1
DDR1,pp,PDGFRA
DDR1,pp,PDGFRB
DDR1,pp,TEK
DDR1,pp,DDR2
DDR1,pp,DDR1
PRKY,pp,TNK2
PPP2R5A,pp,CSNK1A1
PPP2R5A,pp,JAK2
PPP2R5A,pp,PRKCA
IRAK1,pp,MAPK8
IRAK1,pp,NTRK3
IRAK1,pp,RIPK2
IRAK1,pp,BTK
IRAK1,pp,MAP3K7
IRAK1,pp,IRAK1
IRAK1,pp,MAPK1
IRAK1,pp,CAMKK2
IRAK1,pp,MAP3K9
IRAK1,pp,MAP3K10
IRAK1,pp,MAP3K11
IRAK1,pp,TGFBR2
IRAK1,pp,TTN
IRAK1,pp,MAP3K12
IRAK1,pp,TNK1
IRAK1,pp,TAOK3
IRAK1,pp,CRKRS
IRAK1,pp,PRKCZ
CHUK,pp,CHUK
CHUK,pp,MAP3K8
CHUK,pp,MAP3K3
CHUK,pp,TGFBR1
CHUK,pp,MAP4K4
CHUK,pp,EIF2AK2
CHUK,pp,MAP3K11
CHUK,pp,PPM1B
CHUK,pp,PRKCQ
DUSP1,pp,MAPK14
DUSP1,pp,MAPK7
DUSP1,pp,MAPK10
DUSP1,pp,MAP2K1
DUSP1,pp,MAP2K2
DUSP1,pp,DUSP2
DUSP1,pp,DUSP8
DUSP1,pp,CDC2
TEK,pp,TEK
TEK,pp,LCK
TEK,pp,LYN
TEK,pp,FYN
TEK,pp,EGFR
TEK,pp,PTPRB
TRIM28,pp,TRIM28
TRIM28,pp,RPS6KA3
GAK,pp,ULK1
GAK,pp,TNK2
GAK,pp,CDK5
ZAP70,pp,FYN
ZAP70,pp,DUSP3
ZAP70,pp,PTPRC
ZAP70,pp,PTPN6
ZAP70,pp,RASA1
ZAP70,pp,ZAP70
ZAP70,pp,MAP3K12
ZAP70,pp,MKNK1
ZAP70,pp,RPS6KA4
ZAP70,pp,RPS6KA5
ZAP70,pp,STK17B
ZAP70,pp,STK17A
ZAP70,pp,MAP4K4
ZAP70,pp,OXSR1
ZAP70,pp,MAP4K5
ZAP70,pp,MAP4K1
ZAP70,pp,STK38
ZAP70,pp,ICK
ZAP70,pp,TNIK
ZAP70,pp,DAPK2
ZAP70,pp,MINK1
ZAP70,pp,PINK1
ZAP70,pp,WNK1
ZAP70,pp,SNF1LK
ZAP70,pp,CSNK1D
ZAP70,pp,SRC
ZAP70,pp,LYN
ZAP70,pp,INSR
ZAP70,pp,MAPK14
ZAP70,pp,PTPN22
DAPK2,pp,TGFBR1
DAPK2,pp,CAMK2A
DAPK2,pp,DAPK2
DAPK2,pp,MINK1
DAPK2,pp,PINK1
DAPK2,pp,WNK1
DAPK2,pp,SNF1LK
DAPK2,pp,BCR
PPP4C,pp,PPP6C
PPP4C,pp,PPP2R1A
PPP4C,pp,PPP2CB
PPP4C,pp,IGBP1
JAK3,pp,JAK3
JAK3,pp,LCK
JAK3,pp,JAK1
JAK3,pp,PTPRC
JAK3,pp,JAK2
JAK3,pp,SYK
JAK3,pp,MATK
JAK3,pp,TYK2
JAK3,pp,INPP5D
JAK3,pp,IGF1R
JAK3,pp,ALK
PTK2,pp,EPHA2
PTK2,pp,ERBB3
PTK2,pp,LYN
PTK2,pp,ROCK1
PTK2,pp,SYK
PTK2,pp,FGR
PTK2,pp,PDGFRB
PTK2,pp,PTPN11
PTK2,pp,TRIO
PTK2,pp,EGFR
PTK2,pp,ERBB2
PTK2,pp,FYN
PTK2,pp,PTK2
PTK2,pp,BMX
PTK2,pp,JAK2
PTK2,pp,PTPN1
PTK2,pp,MERTK
PTK2,pp,FLT1
PTK2,pp,CSF1R
PTK2,pp,IGF1R
PTK2,pp,CSK
CDC2L2,pp,CDK2
CDC2L2,pp,GSK3B
CDC2L2,pp,MAPK9
DUSP16,pp,MAPK8
DUSP16,pp,MAPK9
DUSP16,pp,MAPK14
DUSP16,pp,MAPK10
DUSP16,pp,MAPK11
STK4,pp,STK4
STK4,pp,TEC
STK4,pp,ZAP70
STK4,pp,MAP3K12
STK4,pp,MKNK1
STK4,pp,RPS6KA4
STK4,pp,RPS6KA5
STK4,pp,STK17B
STK4,pp,STK17A
STK4,pp,MAP4K4
STK4,pp,OXSR1
STK4,pp,MAP4K5
STK4,pp,MAP4K1
STK4,pp,STK38
STK4,pp,ICK
STK4,pp,TNIK
STK4,pp,DAPK2
STK4,pp,MINK1
STK4,pp,PINK1
STK4,pp,WNK1
STK4,pp,SNF1LK
STK4,pp,CSNK1E
STK4,pp,CSNK2A2
STK4,pp,PRKCB1
ERBB4,pp,ERBB2
ERBB4,pp,ERBB3
ERBB4,pp,ERBB4
ERBB4,pp,PTPN11
ENPP1,pp,INSR
ACVR1,pp,PAK1
ACVR1,pp,ACVR2A
ACVR1,pp,TGFBR1
ACVR1,pp,IKBKB
ACVR1,pp,NUAK2
ACVR1,pp,DUSP13
ACVR1,pp,ACVR1B
ACVR1,pp,ILKAP
ACVR1,pp,UHMK1
ACVR1,pp,NEK8
ACVR1,pp,PFTK1
CIT,pp,RPS6KA3
TNK2,pp,EGFR
TNK2,pp,FYN
TNK2,pp,MINK1
FGFR4,pp,FGFR4
FGFR4,pp,EPHA4
FGFR4,pp,FLT4
PAK7,pp,PAK7
PAK7,pp,CDC2
PAK7,pp,GSK3B
PAK7,pp,MAPK8
PAK7,pp,MAPK9
PHKG1,pp,PHKG2
PHKG1,pp,PRKACB
PHKG1,pp,PRKG1
PHKG1,pp,PHKG1
NUAK2,pp,TGFBR1
TRIM33,pp,TRIM24
MELK,pp,PPP1R8
MELK,pp,CDC25B
MELK,pp,PLK4
MELK,pp,CIT
TXK,pp,TXK
TXK,pp,LYN
TXK,pp,IGF1R
MAP4K4,pp,RASA1
MAP4K4,pp,MAP3K7
MAP4K4,pp,TNIK
MAP4K4,pp,OXSR1
MAP4K4,pp,MAP4K5
MAP4K4,pp,MAP4K1
MAP4K4,pp,STK38
MAP4K4,pp,ICK
MAP4K4,pp,DAPK2
MAP4K4,pp,STK39
MAP4K4,pp,MINK1
MAP4K4,pp,PINK1
MAP4K4,pp,WNK1
MAP4K4,pp,SNF1LK
MAP4K4,pp,MAP3K1
MAP4K4,pp,CDC2
MAP4K4,pp,CSNK2A2
MAP4K4,pp,PRKG1
MAP4K4,pp,GSK3B
MAP4K4,pp,MAPK8
MAP4K4,pp,MAPK9
KDR,pp,BMX
KDR,pp,FLT1
KDR,pp,YES1
KDR,pp,PTPN6
KDR,pp,RASA1
KDR,pp,KDR
KDR,pp,PTPN11
KDR,pp,PDGFRA
KDR,pp,EGFR
KDR,pp,IGF1R
KDR,pp,FYN
MAP3K6,pp,MAP3K5
MAP3K6,pp,CAMK2G
MAP3K6,pp,CAMK2D
ULK1,pp,MINK1
ULK1,pp,ULK2
PTPRA,pp,FYN
PTPRA,pp,PTPRA
PTPRA,pp,LCK
FES,pp,RASA1
FES,pp,FES
FES,pp,PRKCG
FES,pp,ROCK2
FES,pp,JAK3
FES,pp,PTPN6
FES,pp,HCK
FES,pp,BCR
ARAF,pp,ARAF
ARAF,pp,MAP2K1
ARAF,pp,STK10
ARAF,pp,PRKD2
PPFIA3,pp,PPFIA3
PPFIA3,pp,PPFIA2
PPFIA3,pp,PTPRF
PPFIA3,pp,PTPRD
PPFIA3,pp,PTPRS
PPFIA3,pp,CDC2
PPFIA3,pp,GSK3B
PPFIA3,pp,PPFIBP1
PPFIA3,pp,PTPRU
AAK1,pp,CDK2
AAK1,pp,CDC2
AAK1,pp,MAPK1
AAK1,pp,PRKCB1
AAK1,pp,GSK3B
AAK1,pp,MAPK8
TAF1,pp,CDK7
TAF1,pp,TAF1
ERBB2,pp,JAK2
ERBB2,pp,ERBB2
ERBB2,pp,FLT1
ERBB2,pp,LTK
ERBB2,pp,ROR1
ERBB2,pp,PDGFRA
ERBB2,pp,PDGFRB
ERBB2,pp,AURKA
ERBB2,pp,TEK
ERBB2,pp,PRKCB1
ERBB2,pp,LYN
ERBB2,pp,PTPN11
PDK1,pp,ROCK1
PDK1,pp,PRKCD
PDK1,pp,AKT2
PDK1,pp,AKT3
PDK1,pp,RPS6KB1
PDK1,pp,PKN1
PDK1,pp,AKT1
PDK1,pp,MAP3K5
PDK1,pp,SGK2
PDK1,pp,SGK3
PDK1,pp,PKN2
PDK1,pp,PRKCE
PDK1,pp,PRKCZ
PDK1,pp,PAK1
PDK1,pp,PDPK1
PDK1,pp,RPS6KA1
PDK1,pp,MAP2K2
PDK1,pp,MAP2K1
TNNI3K,pp,TNNI3K
TNNI3K,pp,BCR
STK16,pp,STK16
STK16,pp,SNRK
STK16,pp,MELK
PPP1R15B,pp,PPP1CA
MERTK,pp,TNK2
MERTK,pp,BMPR2
MERTK,pp,MERTK
MERTK,pp,IGF1R
CHEK1,pp,CHEK1
CHEK1,pp,CDC25B
CHEK1,pp,CDC25A
CHEK1,pp,CDC25C
CHEK1,pp,TLK1
CHEK1,pp,CHEK2
CHEK1,pp,PRKDC
CHEK1,pp,GSK3B
CHEK1,pp,RPS6KA3
CHEK1,pp,CSNK2A1
CHEK1,pp,WEE1
RPS6KA6,pp,MAPK1
ACP1,pp,EPHB2
ACP1,pp,INSR
ACP1,pp,EPHA2
ACP1,pp,ZAP70
ACP1,pp,KDR
ACP1,pp,ACP1
ACP1,pp,ACPT
ACP1,pp,EPHB1
DUSP7,pp,MAPK1
DUSP7,pp,MAPK8
DUSP7,pp,MAPK14
DUSP7,pp,DUSP9
DYRK1B,pp,MAPK14
DYRK1B,pp,MAPK1
DYRK1B,pp,DYRK1B
MAP4K2,pp,MAP3K11
MAP4K2,pp,MAP3K1
MAP4K2,pp,MAP4K3
MAP4K2,pp,MAP4K5
MAP3K12,pp,MAP3K11
MAP3K12,pp,MKNK1
MAP3K12,pp,TNK1
MAP3K12,pp,RPS6KA4
MAP3K12,pp,RPS6KA5
MAP3K12,pp,STK17B
MAP3K12,pp,STK17A
MAP3K12,pp,MAP4K4
MAP3K12,pp,OXSR1
MAP3K12,pp,HIPK3
MAP3K12,pp,CAMKK2
MAP3K12,pp,MAP4K5
MAP3K12,pp,MAP4K1
MAP3K12,pp,DUSP10
MAP3K12,pp,STK38
MAP3K12,pp,ICK
MAP3K12,pp,TNIK
MAP3K12,pp,DAPK2
MAP3K12,pp,MINK1
MAP3K12,pp,TAOK3
MAP3K12,pp,CRKRS
MAP3K12,pp,PINK1
MAP3K12,pp,WNK1
MAP3K12,pp,SNF1LK
MAP3K12,pp,MAP3K13
FCRL3,pp,ZAP70
EGFR,pp,MET
EGFR,pp,PKN1
EGFR,pp,ERBB2
EGFR,pp,MAPK1
EGFR,pp,EGFR
EGFR,pp,RASA1
EGFR,pp,PAK1
EGFR,pp,PRKD1
EGFR,pp,PTPN1
EGFR,pp,EPHA2
EGFR,pp,MAP2K1
EGFR,pp,FGFR1
EGFR,pp,PTEN
EGFR,pp,PDGFRA
EGFR,pp,PTPN6
EGFR,pp,ADRBK1
EGFR,pp,CDK2
EGFR,pp,CSNK2A2
EGFR,pp,MAPK3
EGFR,pp,PRKCB1
EGFR,pp,CSK
EGFR,pp,ERBB4
EGFR,pp,CDC25A
PPP1R3D,pp,PPP2R1A
IRAK2,pp,IRAK1
IRAK2,pp,IRAK2
CDK6,pp,CDK6
CDK6,pp,CDK7
CDK6,pp,TGFBR1
CDK6,pp,CDKN3
CDK6,pp,CSK
CDK6,pp,MAP3K11
CDK6,pp,PLK4
CDK6,pp,FYN
CDK6,pp,EGFR
PPFIBP1,pp,PPFIBP1
PPFIBP1,pp,PTPRM
TTN,pp,TTN
TTN,pp,MAP3K12
TTN,pp,TNK1
TTN,pp,OXSR1
TTN,pp,STK25
TTN,pp,CAMKK2
TTN,pp,TAOK3
TTN,pp,CRKRS
BRD2,pp,CDK2
BRD2,pp,GSK3B
BRD2,pp,MAPK14
PTPRG,pp,INSR
MAPK8,pp,DUSP1
MAPK8,pp,MAPK14
MAPK8,pp,EEF2K
MAPK8,pp,PRKDC
MAPK8,pp,MAPK1
MAPK8,pp,PTK2
MAPK8,pp,SYK
MAPK8,pp,MAP3K12
MAPK8,pp,RPS6KA4
MAPK8,pp,MAP4K1
MAPK8,pp,PRKD2
MAPK8,pp,MAPK10
MAPK8,pp,MAPK13
MAPK8,pp,MAPKAPK3
MAPK8,pp,MAPKAPK5
MAPK8,pp,RPS6KA5
MAPK8,pp,TAOK2
MAPK8,pp,MAP4K5
MAPK8,pp,TNIK
MAPK8,pp,STK39
MAPK8,pp,MINK1
MAPK8,pp,PINK1
MAPK8,pp,MAPK9
MAPK8,pp,RAF1
MAPK8,pp,MAP2K1
MAPK8,pp,MAPK11
MAPK8,pp,RPS6KB1
MAPK8,pp,CDC2
MAPK8,pp,GSK3B
MAPK8,pp,MAPK3
CAMKK1,pp,CAMK4
CAMKK1,pp,AKT1
CAMKK1,pp,CAMK1
CAMKK1,pp,CAMK1D
CAMKK1,pp,PRKACB
DDR2,pp,SRC
CDC42BPA,pp,LIMK2
CDC42BPA,pp,CDC42BPA
CDC42BPA,pp,LIMK1
SYNJ1,pp,PPP3CA
SYNJ1,pp,CDK5
SYNJ1,pp,EPHB2
PTPRD,pp,PTPRA
PTPRD,pp,PTPRF
PTPRD,pp,PTPRE
LRRK1,pp,PAK4
FER,pp,FER
FER,pp,EGFR
FER,pp,LTK
FER,pp,SRC
FER,pp,INSR
FER,pp,JAK1
BRSK1,pp,CDC25C
BRSK1,pp,CDC25B
BRSK1,pp,WEE1
GRK6,pp,GRK6
GRK6,pp,IGF1R
GRK6,pp,LTK
GRK6,pp,PDPK1
GRK6,pp,PHKG1
GRK6,pp,PRKCB1
PPP1R12A,pp,MAPK3
PPP1R12A,pp,MAPK1
PPP1R12A,pp,PRKDC
PPP1R12A,pp,PRKCA
PPP1R12A,pp,INSR
TSSK6,pp,TSSK6
TSSK6,pp,BCR
PPP5C,pp,PPP5C
PPP5C,pp,MAP3K5
ACPP,pp,ERBB2
ACPP,pp,ACPP
ACPP,pp,PTK2B
NUAK1,pp,PRKAA1
NUAK1,pp,SNF1LK
NUAK1,pp,SNF1LK2
NUAK1,pp,PPP2R1B
NUAK1,pp,PPP2R2A
NUAK1,pp,PPP2CA
NUAK1,pp,NUAK2
NUAK1,pp,BRSK1
NUAK1,pp,BRSK2
NUAK1,pp,MARK1
NUAK1,pp,MARK2
NUAK1,pp,MARK3
NUAK1,pp,MARK4
NUAK1,pp,SNRK
LMTK2,pp,PPP1R2
DAPK1,pp,MAPK1
DAPK1,pp,DAPK1
DAPK1,pp,STK17B
DAPK1,pp,STK17A
DAPK1,pp,MAP3K5
DAPK1,pp,PRKCA
PTPRF,pp,PTPRA
PTPRF,pp,RET
PTPRF,pp,PTPRF
PTPRF,pp,LCK
CDC25A,pp,RAF1
CDC25A,pp,CDC25A
CDC25A,pp,CDK4
CDC25A,pp,AURKA
CDC25A,pp,MAPK3
CDC25A,pp,PRKDC
CDC25A,pp,PRKACB
CDC25A,pp,GSK3B
CDC25A,pp,RPS6KA3
CDC25A,pp,CDK2
CDC25A,pp,WEE1
STK11,pp,MARK1
STK11,pp,SNRK
STK11,pp,STK11
STK11,pp,PRKDC
STK11,pp,PRKCA
STK11,pp,MARK2
NTRK1,pp,RASA1
NTRK1,pp,NTRK1
NTRK1,pp,PTPN1
NTRK1,pp,ABL1
NTRK1,pp,NTRK3
NTRK1,pp,NTRK2
NTRK1,pp,SRC
NTRK1,pp,ERBB2
NTRK1,pp,IGF1R
NTRK1,pp,INSR
NTRK1,pp,MAPK3
EPHA8,pp,FYN
PAK6,pp,CDC2
PAK6,pp,GSK3B
PAK6,pp,MAPK8
IRAK3,pp,IRAK2
IRAK3,pp,IRAK1
IRAK3,pp,IRAK3
PRKCE,pp,RAF1
PRKCE,pp,MAPK1
PRKCE,pp,PPP1R14A
PRKCE,pp,PRKCE
PRKCE,pp,FYN
PRKCE,pp,BCR
PRKCE,pp,PRKACB
ADRBK1,pp,SRC
ADRBK1,pp,ADRBK2
ADRBK1,pp,GRK5
ADRBK1,pp,ATM
ADRBK1,pp,BCR
ADRBK1,pp,CAMK2B
ADRBK1,pp,CAMK2G
ADRBK1,pp,FGFR1
ADRBK1,pp,GRK6
ADRBK1,pp,IGF1R
ADRBK1,pp,JAK3
ADRBK1,pp,LTK
ADRBK1,pp,PDPK1
ADRBK1,pp,PHKG1
ADRBK1,pp,PKN2
ADRBK1,pp,TNK2
ADRBK1,pp,GSK3B
ADRBK1,pp,MAPK14
MAP4K5,pp,BCR
MAP4K5,pp,MAP4K1
MAP4K5,pp,STK38
MAP4K5,pp,ICK
MAP4K5,pp,TNIK
MAP4K5,pp,DAPK2
MAP4K5,pp,STK39
MAP4K5,pp,MINK1
MAP4K5,pp,PINK1
MAP4K5,pp,WNK1
MAP4K5,pp,SNF1LK
MAP4K5,pp,ABL1
PPP1R1A,pp,PPP1R3A
PPP1R1A,pp,PPP1R3C
PPP1R1A,pp,PPP1R8
PPP1R1A,pp,PPP1R3D
PPP1R1A,pp,PPP1R2
PPP1R1A,pp,PPP2R1A
PPP1R1A,pp,PPP1CC
PPP1R1A,pp,CDC2
PPP1R1A,pp,AKT1
PPP1R1A,pp,GSK3B
PPP1R1A,pp,RPS6KA3
PPP1R1A,pp,MAPK14
CTDP1,pp,CTDP1
CTDP1,pp,PRKDC
CTDP1,pp,CDK2
CTDP1,pp,RPS6KA3
CTDP1,pp,STK38
PTPRO,pp,PIM1
PTPRO,pp,KIT
BMPR1B,pp,PFTK1
BMPR1B,pp,BMPR2
BMPR1B,pp,PPP2CA
BMPR1B,pp,TGFBR1
BMPR1B,pp,PPP3CC
BMPR1B,pp,AMHR2
BMPR1B,pp,BMPR1B
BMPR1B,pp,OXSR1
BMPR1B,pp,BMPR1A
BMPR1B,pp,PAK1
BMPR1B,pp,UHMK1
BMPR1B,pp,BCR
BMPR1B,pp,ILKAP
BMPR1B,pp,MAP2K3
BMPR1B,pp,MKNK2
BMPR1B,pp,STK35
BMPR1B,pp,CDK4
BRD3,pp,CSNK1E
BRD3,pp,CDK2
BRD3,pp,GSK3B
BRD3,pp,RPS6KA3
NEK2,pp,NEK2
NEK2,pp,NEK11
NEK2,pp,PPP1R2
NEK2,pp,PPP1CA
NEK2,pp,MAPK1
NEK2,pp,NEK3
NEK2,pp,PPP1CC
STK24,pp,PPP2CB
STK24,pp,STK25
STK24,pp,PPP2R1A
MAPK11,pp,MAPK13
MAPK11,pp,MAP2K6
MAPK11,pp,MAPK9
MAPK11,pp,RPS6KA2
MAPK11,pp,SRPK1
MAPK11,pp,SRPK2
MAPK11,pp,STK4
MAPK11,pp,TEC
MAPK11,pp,ZAP70
MAPK11,pp,MAP3K12
MAPK11,pp,RPS6KA4
MAPK11,pp,STK17B
MAPK11,pp,STK17A
MAPK11,pp,TAOK2
MAPK11,pp,MAP4K4
MAPK11,pp,OXSR1
MAPK11,pp,MAP4K5
MAPK11,pp,MAP4K1
MAPK11,pp,STK38
MAPK11,pp,ICK
MAPK11,pp,TNIK
MAPK11,pp,DAPK2
MAPK11,pp,STK39
MAPK11,pp,MINK1
MAPK11,pp,PINK1
MAPK11,pp,WNK1
MAPK11,pp,SNF1LK
MAPK11,pp,MKNK1
MAPK11,pp,MKNK2
MAPK11,pp,MAPKAPK5
MAPK11,pp,EEF2K
MAPK11,pp,SRC
CSNK1A1,pp,CSNK1D
CSNK1A1,pp,CSNK1G2
CSNK1A1,pp,CSNK2A1
CSNK1A1,pp,CSNK2A2
CSNK1A1,pp,GSK3B
CSNK1A1,pp,TGFBR1
PTPN11,pp,PDGFRB
PTPN11,pp,BCR
PTPN11,pp,PDGFRA
PTPN11,pp,FYN
PTPN11,pp,MET
PTPN11,pp,PTK2B
PTPN11,pp,JAK2
PTPN11,pp,IGF1R
PTPN11,pp,EGFR
PTPN11,pp,CHUK
PTPN11,pp,MAPK3
PTPN11,pp,SIRPA
PTPN11,pp,JAK1
PTPN11,pp,LCK
PTPN11,pp,PTPN6
PTPN11,pp,SYK
PTPN11,pp,NTRK2
PTPN11,pp,PTP4A2
PTPN11,pp,TYK2
PTPN11,pp,TEK
PTPN11,pp,FGFR3
PTPN11,pp,KIT
PTPN11,pp,NTRK1
PTPN11,pp,INSR
PTPN11,pp,RET
ABL1,pp,CDK5
ABL1,pp,PTPN6
ABL1,pp,JAK1
ABL1,pp,RASA1
ABL1,pp,PRKD1
ABL1,pp,BTK
ABL1,pp,ROS1
ABL1,pp,HCK
ABL1,pp,PSTPIP1
ABL1,pp,ABL1
ABL1,pp,JAK2
ABL1,pp,BCR
ABL1,pp,ABL2
ABL1,pp,AKT1
ABL1,pp,FRAP1
ABL1,pp,JAK3
ABL1,pp,LYN
ABL1,pp,MAP3K1
ABL1,pp,MAP3K11
ABL1,pp,PKN2
ABL1,pp,MAP2K6
ABL1,pp,PTPN11
ABL1,pp,PTPRF
ABL1,pp,MAP2K4
ABL1,pp,GSK3B
ABL1,pp,FYN
ABL1,pp,LCK
ABL1,pp,INSR
ABL1,pp,MAPK8
ABL1,pp,PTK2B
ABL1,pp,ZAP70
ABL1,pp,MAP4K1
AXL,pp,AXL
AXL,pp,PTPN11
AXL,pp,HCK
AXL,pp,INSR
CAMK1D,pp,RPS6KA3
ERBB3,pp,EGFR
ERBB3,pp,ERBB2
ERBB3,pp,ERBB3
ERBB3,pp,PTPN11
ERBB3,pp,FLT1
ERBB3,pp,LTK
ERBB3,pp,ROR1
ERBB3,pp,PDGFRA
ERBB3,pp,PDGFRB
ERBB3,pp,TEK
ERBB3,pp,FYN
ERBB3,pp,LCK
ERBB3,pp,INSR
ERBB3,pp,CSK
DUSP22,pp,MAPK8
DUSP22,pp,MAPK14
DUSP22,pp,MAP2K7
DUSP22,pp,MAP2K4
AKT3,pp,PRKCZ
AKT3,pp,CSNK1D
EPHB6,pp,ERBB2
EPHB6,pp,ERBB3
EPHB6,pp,FLT1
EPHB6,pp,LTK
EPHB6,pp,ROR1
EPHB6,pp,PDGFRA
EPHB6,pp,PDGFRB
EPHB6,pp,TEK
EPHB6,pp,TGFBR2
EPHB6,pp,EPHB1
ROCK2,pp,PPP1R12A
ROCK2,pp,STK16
ROCK2,pp,LIMK1
ROCK2,pp,PPP1R14A
ROCK2,pp,CSNK1E
CLK1,pp,PTPN1
CLK1,pp,CLK1
CLK1,pp,CLK2
CAMKK2,pp,CAMK1
CAMKK2,pp,TAOK3
CAMKK2,pp,CRKRS
CAMKK2,pp,AKT1
CAMKK2,pp,RPS6KA3
CAMKK2,pp,CAMK4
OXSR1,pp,PAK1
OXSR1,pp,OXSR1
OXSR1,pp,TGFBR1
OXSR1,pp,BCR
OXSR1,pp,STK25
OXSR1,pp,MAP4K5
OXSR1,pp,MAP4K1
OXSR1,pp,STK38
OXSR1,pp,ICK
OXSR1,pp,TNIK
OXSR1,pp,DAPK2
OXSR1,pp,MINK1
OXSR1,pp,PINK1
OXSR1,pp,SNF1LK
MARK4,pp,PRKCG
MARK4,pp,PRKCI
MARK4,pp,STK11
PRKAA2,pp,PFKFB2
PRKAA2,pp,STK11
PRKAA2,pp,PRKAA2
PRKAA2,pp,PRKCA
PRKAA2,pp,EEF2K
DUSP6,pp,DUSP7
DUSP6,pp,DUSP9
DUSP6,pp,MAPK8
DUSP6,pp,MAPK9
DUSP6,pp,PPP2R1B
DUSP6,pp,MAPK3
NUDT14,pp,RAF1
NUDT14,pp,ARAF
CAMK2G,pp,MYLK
CAMK2G,pp,EGFR
CAMK2G,pp,CAMK2G
CAMK2G,pp,MAP3K5
CAMK2G,pp,MAPK1
CAMK2G,pp,CDK2
CAMK2G,pp,PRKCA
CAMK2G,pp,PRKACB
CAMK2G,pp,GSK3B
CAMK2G,pp,RPS6KA3
CAMK2G,pp,MAPK13
CAMK2G,pp,PPM1F
CAMK2G,pp,CSNK1G2
CAMK2G,pp,FGFR1
CAMK2G,pp,GRK6
CAMK2G,pp,IGF1R
CAMK2G,pp,LTK
CAMK2G,pp,PDPK1
CAMK2G,pp,PHKG1
CAMK2G,pp,PRKCG
CAMK2G,pp,PKN2
CAMK2G,pp,TNK2
CAMK2G,pp,TSSK2
CAMK2G,pp,PINK1
MARK1,pp,CDK2
MARK1,pp,PRKG1
MARK1,pp,RPS6KA3
MARK1,pp,MAPK9
TESK1,pp,TESK2
TESK1,pp,GSK3B
TESK1,pp,TESK1
BCR,pp,RASA1
BCR,pp,SRC
BCR,pp,JAK2
BCR,pp,FGFR1
BCR,pp,CDK2
BCR,pp,CDC2
BCR,pp,PRKCA
BCR,pp,GSK3B
BCR,pp,EGFR
BCR,pp,INSR
BCR,pp,MAPK14
BCR,pp,KIT
BCR,pp,BTK
BCR,pp,PTK2B
BCR,pp,JAK1
BCR,pp,LYN
BCR,pp,MAPK8
BCR,pp,SYK
BCR,pp,TYK2
BCR,pp,CAMK2B
BCR,pp,CAMK2G
BCR,pp,GRK6
BCR,pp,LTK
BCR,pp,PDPK1
BCR,pp,TRIO
BCR,pp,BCR
CDK3,pp,CDK6
CDK3,pp,CDK4
CDK3,pp,CDK7
CDK3,pp,CDK5
TRIB1,pp,MAP2K4
TRIB1,pp,MAP2K1
TRIB1,pp,MAP2K7
TRIB1,pp,TRIB2
LCK,pp,PTK2
LCK,pp,PRKCQ
LCK,pp,RASA1
LCK,pp,PRKCD
LCK,pp,ITK
LCK,pp,LCK
LCK,pp,PTPN22
LCK,pp,ACP1
LCK,pp,ZAP70
LCK,pp,SRC
LCK,pp,INSR
LCK,pp,MAPK9
LCK,pp,PTEN
LCK,pp,LYN
LCK,pp,MAPK8
LCK,pp,KSR1
LCK,pp,AXL
PTPN7,pp,GSK3B
PTPN7,pp,RPS6KA3
PTPN7,pp,MAPK9
TRIB3,pp,AKT1
TRIB3,pp,PDPK1
TRIB3,pp,AKT2
PRKCH,pp,CDK2
PRKCH,pp,PRKD1
PRKCH,pp,FYN
PRKCH,pp,SRC
PRKCH,pp,PTPN11
PPEF1,pp,PPP6C
PPP1R2,pp,PPP2R1A
PPP1R2,pp,PPP1R3D
PPP1R2,pp,PPP1R3C
RPS6KA5,pp,MAPK11
RPS6KA5,pp,STK11
RPS6KA5,pp,STK17B
RPS6KA5,pp,STK17A
RPS6KA5,pp,TAOK2
RPS6KA5,pp,MAP4K4
RPS6KA5,pp,OXSR1
RPS6KA5,pp,MAP4K5
RPS6KA5,pp,MAP4K1
RPS6KA5,pp,STK38
RPS6KA5,pp,ICK
RPS6KA5,pp,TNIK
RPS6KA5,pp,DAPK2
RPS6KA5,pp,STK39
RPS6KA5,pp,MINK1
RPS6KA5,pp,PINK1
RPS6KA5,pp,WNK1
RPS6KA5,pp,SNF1LK
MAPK10,pp,CDC2
MAPK10,pp,MAPK9
MAPK10,pp,MAP2K1
MAPK10,pp,PTK2
MAPK10,pp,PTPN3
MAPK10,pp,PTPRA
MAPK10,pp,SRC
MAPK10,pp,MKNK1
MAPK10,pp,MAP3K12
MAPK10,pp,TNIK
MAPK10,pp,MINK1
PSTPIP1,pp,TAF1L
PSTPIP1,pp,LCK
PRKG1,pp,NPR1
PRKG1,pp,RAF1
PRKG1,pp,PRKG2
PRKG1,pp,PPP1R12A
CSNK2A2,pp,PTPRC
CSNK2A2,pp,PTEN
CSNK2A2,pp,PTPN1
CSNK2A2,pp,TGFBR1
CSNK2A2,pp,PPP1R8
CSNK2A2,pp,PPP1R2
CSNK2A2,pp,GSK3B
CSNK2A2,pp,CDC7
CSNK2A2,pp,CAMKK2
CSNK2A2,pp,PPP1R1B
CSNK2A2,pp,CTDP1
PTPRC,pp,JAK1
PTPRC,pp,RASA1
PTPRC,pp,INSR
PTPRC,pp,LYN
PTPRC,pp,JAK2
PTPRC,pp,PTPRC
PTPRC,pp,FYN
PTPRC,pp,LCK
PTPRC,pp,PTP4A2
PTPRC,pp,SYK
PTPRC,pp,CSNK1E
PTPRC,pp,PTPRJ
PTPRC,pp,TYK2
ILKAP,pp,ILK
CDC25B,pp,RAF1
CDC25B,pp,CDC2
CDC25B,pp,WEE1
CDC25B,pp,MAPK14
CDC25B,pp,PRKCA
CDC25B,pp,CDC42BPA
CDC25B,pp,GSK3B
PFKFB1,pp,PFKFB1
PFKFB1,pp,PRKACA
PFKFB1,pp,PRKACG
PFKFB1,pp,PRKACB
PFKFB1,pp,PFKFB2
PFKFB1,pp,PRKG1
MAP3K10,pp,MAP3K1
MAP3K10,pp,MAP3K11
MAP3K10,pp,PAK1
MAP3K10,pp,MAPK8
MAP3K10,pp,MAP3K12
MAP3K10,pp,PKN1
MAP3K10,pp,TTN
MAP3K10,pp,TNK1
MAP3K10,pp,CAMKK2
MAP3K10,pp,MAP4K5
MAP3K10,pp,MAP4K1
MAP3K10,pp,DAPK2
MAP3K10,pp,TAOK3
MAP3K10,pp,CRKRS
EIF2AK1,pp,EIF2AK1
PTPRE,pp,MAPK3
PTPRE,pp,SRC
PTPRE,pp,MAPK1
PTPRE,pp,FYN
PTPRE,pp,YES1
PTPRE,pp,ERBB2
PTPRE,pp,EGFR
PTPRE,pp,IGF1R
PTPRE,pp,PTPRE
PTPN2,pp,INSR
PTPN2,pp,PDGFRB
PTPN2,pp,JAK3
PTPN2,pp,SRC
PTPN2,pp,JAK1
PTPN2,pp,EGFR
SRC,pp,INPPL1
SRC,pp,SRC
SRC,pp,FHIT
SRC,pp,BMX
SRC,pp,IKBKB
SRC,pp,PDPK1
SRC,pp,AXL
SRC,pp,KDR
SRC,pp,RAF1
SRC,pp,PTPRA
SRC,pp,RET
SRC,pp,PTK2
SRC,pp,TXK
SRC,pp,CHUK
SRC,pp,RASA1
SRC,pp,PAK2
SRC,pp,PRKCZ
SRC,pp,ERBB2
SRC,pp,EGFR
SRC,pp,IGF1R
SRC,pp,MUSK
SRC,pp,PTP4A2
SRC,pp,PTPN11
SRC,pp,PRKCI
SRC,pp,KIT
SRC,pp,AKT1
SRC,pp,PRKDC
SRC,pp,CDK2
SRC,pp,CDC2
SRC,pp,PRKACB
SRC,pp,CDC42BPA
SRC,pp,GSK3B
SRC,pp,RPS6KA3
SRC,pp,MAPK8
SRC,pp,ARAF
SRC,pp,ABL1
SRC,pp,MERTK
SRC,pp,MET
SRC,pp,PRKD1
SRC,pp,PRKCE
IRAK4,pp,IRAK1
KSR2,pp,MAPK3
KSR2,pp,RAF1
KSR2,pp,MAPK1
KSR2,pp,MAP2K1
BRD4,pp,CDK2
BRD4,pp,MAPK14
PPP2R5C,pp,PRKCD
PPP2R5C,pp,CAMK1
PPP2R5C,pp,CAMK4
PPP2R5C,pp,GSK3A
PPP2R5C,pp,AKT1
LATS1,pp,LIMK1
LATS1,pp,STK4
LATS1,pp,PRKG1
LATS1,pp,RPS6KA3
LATS1,pp,LATS1
PRPF4B,pp,PRKDC
PRPF4B,pp,ATM
PRPF4B,pp,CSNK1E
PRPF4B,pp,CDK2
PRPF4B,pp,CDC2
PRPF4B,pp,PRKCA
PRPF4B,pp,PRKACB
PRPF4B,pp,GSK3B
PRPF4B,pp,RPS6KA3
PRPF4B,pp,MAPK14
MAPK12,pp,DUSP1
MAPK12,pp,EEF2K
MAPK12,pp,MAPK12
MAPK12,pp,CDK2
BRAF,pp,BRAF
BRAF,pp,MAPK1
BRAF,pp,MAP2K1
BRAF,pp,MAP4K1
BRAF,pp,PRKCB1
BRAF,pp,PRKG1
BRAF,pp,RPS6KA3
INPPL1,pp,MET
INPPL1,pp,EGFR
INPPL1,pp,OCRL
INPPL1,pp,LCK
INPPL1,pp,ABL1
ILK,pp,ACP6
ILK,pp,PPP1R12A
ILK,pp,AKT1
ILK,pp,PDK1
ILK,pp,GSK3A
ILK,pp,PPP1R14A
ILK,pp,PRKCA
ILK,pp,PPP1R14B
ILK,pp,PTK2
ILK,pp,SYK
BCKDK,pp,PRKACB
PAK1,pp,CSNK2A1
PAK1,pp,BMX
PAK1,pp,LIMK1
PAK1,pp,CDC2L2
PAK1,pp,TGFBR1
PAK1,pp,RAF1
PAK1,pp,CSNK2A2
PAK1,pp,PAK1
PAK1,pp,ERBB2
PAK1,pp,ABL1
PAK1,pp,MAP3K1
PAK1,pp,PAK2
PAK1,pp,PRKCD
PAK1,pp,CDK2
PAK1,pp,CDC2
PAK1,pp,GSK3B
PAK1,pp,MAPK14
PAK1,pp,BRAF
PAK1,pp,MAP4K4
PAK1,pp,MAPK8
PAK1,pp,MAPK9
PAK1,pp,MAPK10
PAK1,pp,MAP2K4
PAK1,pp,MAP3K12
PAK1,pp,DUSP10
PAK1,pp,TNIK
PAK1,pp,MINK1
PAK1,pp,MAP2K1
PAK1,pp,TGFBR2
PAK1,pp,MYLK
BMPR1A,pp,BMPR1A
BMPR1A,pp,MAP3K7
BMPR1A,pp,BMPR2
CSNK1G2,pp,CSNK1G1
CSNK1G2,pp,CSNK1G3
CSNK1G2,pp,CSNK2A1
CSNK1G2,pp,CSNK2A2
CSNK1G2,pp,GRK6
CSNK1G2,pp,GSK3B
CSNK1G2,pp,PDPK1
CSNK1G2,pp,PKN2
CSNK1G2,pp,TNK2
ROCK1,pp,LIMK2
ROCK1,pp,PPP1R12A
ROCK1,pp,CDC25A
ROCK1,pp,ROCK1
ROCK1,pp,PTEN
ROCK1,pp,TAOK2
ROCK1,pp,TNK2
ROCK1,pp,LIMK1
EEF2K,pp,AKT1
EEF2K,pp,PRKCB1
EEF2K,pp,RPS6KA3
EEF2K,pp,RPS6KB2
CSK,pp,LYN
CSK,pp,CSK
CSK,pp,HCK
CSK,pp,YES1
CSK,pp,MAPK15
CSK,pp,SRC
CSK,pp,MATK
CSK,pp,LCK
CSK,pp,FGR
CSK,pp,PTPRC
CSK,pp,SYK
CSK,pp,AKT3
CSK,pp,FYN
MAPK9,pp,ACP5
MAPK9,pp,PRKCA
MAPK9,pp,CDC25C
MAPK9,pp,MAPK13
MAPK9,pp,MAP3K12
MAPK9,pp,MAPKAPK3
MAPK9,pp,RPS6KA5
MAPK9,pp,TAOK2
MAPK9,pp,MAP4K5
MAPK9,pp,MAP4K1
MAPK9,pp,DUSP10
MAPK9,pp,TNIK
MAPK9,pp,STK39
MAPK9,pp,MINK1
MAPK9,pp,PINK1
MAPK9,pp,EEF2K
BLK,pp,BCR
BLK,pp,HCK
BLK,pp,BTK
BLK,pp,FYN
BLK,pp,MAPK11
BLK,pp,MAPK13
BLK,pp,RPS6KA2
BLK,pp,SRPK1
BLK,pp,SRPK2
BLK,pp,STK4
BLK,pp,TEC
BLK,pp,ZAP70
BLK,pp,MAP3K12
BLK,pp,MKNK1
BLK,pp,RPS6KA4
BLK,pp,RPS6KA5
BLK,pp,STK17B
BLK,pp,STK17A
BLK,pp,MAP4K4
BLK,pp,OXSR1
BLK,pp,MAP4K5
BLK,pp,MAP4K1
BLK,pp,STK38
BLK,pp,ICK
BLK,pp,TNIK
BLK,pp,DAPK2
BLK,pp,MINK1
BLK,pp,PINK1
BLK,pp,WNK1
BLK,pp,SNF1LK
RPS6KA4,pp,MAPK1
RPS6KA4,pp,RPS6KA4
RPS6KA4,pp,CSNK1A1
RPS6KA4,pp,CDK2
RPS6KA4,pp,CDC2
RPS6KA4,pp,GSK3B
RPS6KA4,pp,RPS6KA5
RPS6KA4,pp,STK17B
RPS6KA4,pp,STK17A
RPS6KA4,pp,MAP4K4
RPS6KA4,pp,OXSR1
RPS6KA4,pp,MAP4K5
RPS6KA4,pp,MAP4K1
RPS6KA4,pp,STK38
RPS6KA4,pp,ICK
RPS6KA4,pp,TNIK
RPS6KA4,pp,DAPK2
RPS6KA4,pp,MINK1
RPS6KA4,pp,PINK1
RPS6KA4,pp,WNK1
RPS6KA4,pp,SNF1LK
RPS6KA4,pp,MAPK3
PFTK1,pp,TGFBR1
MAP2K5,pp,PRKCZ
MAP2K5,pp,PRKCI
MAP2K5,pp,MAP3K3
MAP2K5,pp,MAP3K2
MAP2K5,pp,MAPK12
MAP2K5,pp,PRKCB1
CDK4,pp,LYN
CDK4,pp,PPP1CA
CDK4,pp,TGFBR1
CDK4,pp,CDK7
CDK4,pp,EGFR
CDK4,pp,CDK5
CDK4,pp,CDK6
CDK4,pp,PTEN
CDK4,pp,CDKL2
CDK4,pp,MAPK14
CDK4,pp,CDK8
CDK4,pp,CDKN3
CDK4,pp,PLK1
CDK4,pp,SRPK1
CDK4,pp,NEK4
CDK4,pp,AURKA
CDK4,pp,TTK
CDK4,pp,VRK1
CDK4,pp,AURKB
CDK4,pp,MELK
CDK4,pp,PLK4
CDK4,pp,CIT
CDK4,pp,CDK4
TGFBR2,pp,TGFBR1
TGFBR2,pp,TGFBR2
TGFBR2,pp,TSSK1B
TGFBR2,pp,CSNK1D
TGFBR2,pp,SNRK
PRKDC,pp,ABL1
PRKDC,pp,PRKCD
PRKDC,pp,CHUK
PRKDC,pp,CSNK1D
PRKDC,pp,PRKCB1
PRKDC,pp,LYN
PRKDC,pp,PRKDC
ROS1,pp,INSR
MYLK,pp,PRKCA
MYLK,pp,SRC
MYLK,pp,PRKACB
MYLK,pp,RPS6KA3
MYLK,pp,PDGFRA
MYLK,pp,PDGFRB
IKBKE,pp,PAK1
IKBKE,pp,ROCK2
IKBKE,pp,IKBKE
IKBKE,pp,ACP1
IKBKE,pp,NUDT5
IKBKE,pp,PPP4C
IKBKE,pp,SLK
IKBKE,pp,TRIM28
IKBKE,pp,PPP2R1A
IKBKE,pp,STK16
IKBKE,pp,RIPK5
IKBKE,pp,PPP2CB
IKBKE,pp,SET
PPP2R5B,pp,PPP2CA
MAPK6,pp,PRKCB1
MAPK6,pp,MAPK6
PLK3,pp,CHEK2
PLK3,pp,MAP2K1
PLK3,pp,CDC25C
PLK3,pp,MAPK1
PLK3,pp,PDPK1
NEK6,pp,RPS6KB1
NEK6,pp,TGFBR1
NEK6,pp,WEE1
NEK6,pp,CSNK1A1
NEK6,pp,NEK7
NEK6,pp,CDK7
MARK3,pp,CDC25C
MARK3,pp,PRKCQ
MARK3,pp,RAF1
ALPL,pp,MAP3K14
PTEN,pp,MAST2
PTEN,pp,PTK2
PTEN,pp,ATM
PTEN,pp,GSK3B
PTEN,pp,AURKA
PTEN,pp,TAOK2
PTEN,pp,STK11
PRKACA,pp,PPP1CC
PRKACA,pp,SRC
PRKACA,pp,EGFR
PRKACA,pp,STK11
PRKACA,pp,BRAF
PRKACA,pp,CSK
PRKACA,pp,AURKA
PRKACA,pp,PRKACG
PRKACA,pp,PPP1R9B
PRKACA,pp,PTPRR
PRKACA,pp,PPP1R8
PRKACA,pp,PCTK1
PRKACA,pp,RAF1
PRKACA,pp,MAP3K3
PRKACA,pp,PTPN7
PRKACA,pp,PFKFB2
PRKACA,pp,EEF2K
PRKACA,pp,PRKACB
PRKACA,pp,GSK3A
PRKACA,pp,PPP1CB
PRKACA,pp,GSK3B
PRKACA,pp,ADRBK1
PRKACA,pp,PTPN12
PRKACA,pp,LCK
PRKACA,pp,CAMKK2
PRKACA,pp,STK24
PRKACA,pp,PPP1R1A
PRKACA,pp,PTPN5
PRKACA,pp,NPR1
PRKACA,pp,PRKX
PRKACA,pp,PRKACA
PRKACA,pp,PPP1R1B
PRKACA,pp,PPP1CA
MAP3K2,pp,MAP2K4
MAP3K2,pp,MAP3K5
MAP3K2,pp,PKN2
MAP3K2,pp,MAP2K7
MAP3K2,pp,MAPK8
MAP3K2,pp,MAPK1
PRKACB,pp,PPP1CC
PRKACB,pp,PRKACG
PRKACB,pp,PRKACB
PRKACB,pp,PPP1CB
PRKACB,pp,PPP1CA
PRKACB,pp,PRKX
CSF1R,pp,RASA1
CSF1R,pp,FYN
CSF1R,pp,INPP5D
CSF1R,pp,INPPL1
CSF1R,pp,PDGFRB
CSF1R,pp,KDR
CSF1R,pp,KIT
CSF1R,pp,FLT3
CSF1R,pp,PDGFRA
CSF1R,pp,FLT4
CSF1R,pp,IGF1R
CSF1R,pp,INSR
CSF1R,pp,CSF1R
DYRK1A,pp,FGFR3
DYRK1A,pp,INSR
PRKCG,pp,GSK3A
PRKCG,pp,ADRBK1
PRKCG,pp,AKT3
PRKCG,pp,ROCK2
VRK1,pp,VRK2
VRK1,pp,PRKCB1
VRK1,pp,CDC7
VRK1,pp,AURKB
VRK1,pp,MELK
VRK1,pp,PLK4
VRK1,pp,CIT
PPP2R2A,pp,PPP2CA
PPP2R2A,pp,PPP2R1B
PPP2R2A,pp,TGFBR1
PPP2R2A,pp,SNF1LK2
PPP2R2A,pp,RAF1
PTPN1,pp,INSR
PTPN1,pp,SRC
PTPN1,pp,MAPK1
PTPN1,pp,BCR
PTPN1,pp,PDGFRB
PTPN1,pp,LTK
PTPN1,pp,JAK2
PTPN1,pp,PSTPIP1
PTPN1,pp,WEE1
PTPN1,pp,PTPN6
PTPN1,pp,PTP4A2
PTPN1,pp,PRKCA
PTPN1,pp,MAPK14
PTPN1,pp,IGF1R
ICK,pp,TNIK
ICK,pp,DAPK2
ICK,pp,MINK1
ICK,pp,PINK1
ICK,pp,WNK1
ICK,pp,SNF1LK
PRKG2,pp,MYLK
CDC25C,pp,WEE1
CDC25C,pp,LCK
CDC25C,pp,CDC25C
CDC25C,pp,CDC2
CDC25C,pp,ERBB2
CDC25C,pp,PPP2R4
CDC25C,pp,MAPK1
CDC25C,pp,CDK2
CDC25C,pp,AURKA
CDC25C,pp,CDC7
CDC25C,pp,CDC2L5
CDC25C,pp,AURKB
CDC25C,pp,CIT
CDC25C,pp,CDKN3
STK17B,pp,STK17B
STK17B,pp,STK17A
STK17B,pp,MAP4K4
STK17B,pp,OXSR1
STK17B,pp,MAP4K5
STK17B,pp,MAP4K1
STK17B,pp,STK38
STK17B,pp,ICK
STK17B,pp,TNIK
STK17B,pp,DAPK2
STK17B,pp,MINK1
STK17B,pp,PINK1
STK17B,pp,WNK1
STK17B,pp,SNF1LK
STK3,pp,STK3
PSPH,pp,PSPH
CSNK1D,pp,CDK5
CSNK1D,pp,CSNK1G2
CSNK1D,pp,CSNK2A1
CSNK1D,pp,CSNK2A2
CSNK1D,pp,GSK3B
CSNK1D,pp,PIK3R4
TLK2,pp,TLK2
TLK2,pp,CDK2
TLK2,pp,GSK3B
TLK2,pp,MAPK8
TLK2,pp,CHEK2
CASK,pp,CASK
MAP3K11,pp,MAP3K11
MAP3K11,pp,CDK2
MAP3K11,pp,GSK3B
MAP3K11,pp,RPS6KA3
MAP3K11,pp,MAPK8
MAP3K11,pp,MAP2K4
MAP3K11,pp,PKN1
MAP3K11,pp,TTN
MAP3K11,pp,TNK1
MAP3K11,pp,CAMKK2
MAP3K11,pp,MAP4K5
MAP3K11,pp,TAOK3
MAP3K11,pp,CRKRS
PFKFB2,pp,PFKFB2
PFKFB2,pp,PRKCB1
PFKFB2,pp,RPS6KA3
ACVR1B,pp,ACVR1B
ACVR1B,pp,ACVR2A
ACVR1B,pp,ADRBK1
ACVR1B,pp,CAMK2B
ACVR1B,pp,CAMK2G
ACVR1B,pp,FGFR1
ACVR1B,pp,GRK6
ACVR1B,pp,IRAK1
ACVR1B,pp,LTK
ACVR1B,pp,PDPK1
ACVR1B,pp,TGFBR2
GSK3A,pp,GSK3B
GSK3A,pp,RPS6KA3
GSK3A,pp,TNK2
LIMK1,pp,SSH3
LIMK1,pp,LIMK1
LIMK1,pp,PRKCB1
LIMK1,pp,TESK1
LIMK1,pp,BMPR2
TRIO,pp,PTPRF
TRIO,pp,CSNK2A2
MST1R,pp,SRC
MST1R,pp,YES1
MST1R,pp,MST1R
MST1R,pp,FYN
MST1R,pp,IGF1R
PRKD1,pp,MAPK9
PRKD1,pp,PRKCE
PRKD1,pp,PPP1R14A
PRKD1,pp,PRKD1
PRKD1,pp,BTK
PRKD1,pp,MAPK8
PPP1CA,pp,EIF2AK2
PPP1CA,pp,PPP2CA
PPP1CA,pp,AURKA
PPP1CA,pp,PRKCD
PPP1CA,pp,PPP1R11
PPP1CA,pp,PPP1CA
PPP1CA,pp,PPP1R1A
PPP1CA,pp,PPP1R3D
PPP1CA,pp,PPP2R1A
PPP1CA,pp,PPP1CC
PPP1CA,pp,GSK3B
PPP1CA,pp,PPP1R2
PPP1CA,pp,PHACTR3
WEE1,pp,CSNK2A1
WEE1,pp,CDC2
WEE1,pp,WEE1
WEE1,pp,CDK2
WEE1,pp,PKMYT1
WEE1,pp,MAPK14
WEE1,pp,CHEK2
WEE1,pp,CDC7
WEE1,pp,CIT
DYRK3,pp,DYRK2
MAPK13,pp,MAPKAPK3
MAPK13,pp,EEF2K
MAPK13,pp,MAP3K4
MAPK13,pp,MAPK12
MAPK13,pp,RPS6KA2
MAPK13,pp,SRPK1
MAPK13,pp,SRPK2
MAPK13,pp,STK4
MAPK13,pp,TEC
MAPK13,pp,ZAP70
MAPK13,pp,MAP3K12
MAPK13,pp,MKNK1
MAPK13,pp,RPS6KA4
MAPK13,pp,RPS6KA5
MAPK13,pp,STK17B
MAPK13,pp,STK17A
MAPK13,pp,TAOK2
MAPK13,pp,MAP4K4
MAPK13,pp,OXSR1
MAPK13,pp,MAP4K5
MAPK13,pp,MAP4K1
MAPK13,pp,STK38
MAPK13,pp,ICK
MAPK13,pp,TNIK
MAPK13,pp,DAPK2
MAPK13,pp,STK39
MAPK13,pp,MINK1
MAPK13,pp,PINK1
MAPK13,pp,WNK1
MAPK13,pp,SNF1LK
AMHR2,pp,TGFBR1
CAMK1,pp,CAMK1
PPP3CA,pp,PPP3CA
PPP3CA,pp,RPS6KA3
STK35,pp,STK35
STK35,pp,TGFBR1
DMPK,pp,RAF1
DMPK,pp,PPP1R12A
DMPK,pp,PPP1R12B
DMPK,pp,TTN
DMPK,pp,CDC42BPA
DMPK,pp,TNK2
PPFIA2,pp,PTPRF
PPFIA2,pp,PPFIBP1
PPFIA2,pp,PTPRS
PPFIA2,pp,PTPRD
PPFIA2,pp,PPFIA2
RNGTT,pp,CDK7
RNGTT,pp,RNGTT
TBK1,pp,TBK1
TBK1,pp,CSNK2A2
TBK1,pp,PPP6C
FLT3,pp,PDGFRA
FLT3,pp,FLT4
FLT3,pp,LCK
FLT3,pp,KIT
FLT3,pp,FLT3
PASK,pp,PASK
PASK,pp,PRKCA
PASK,pp,STK16
PPP2R1A,pp,PPP2R5A
PPP2R1A,pp,PPP5C
PPP2R1A,pp,PPP2R3B
PPP2R1A,pp,PPP2R3A
PPP2R1A,pp,PPP2CA
PPP2R1A,pp,PPP2R2D
PPP2R1A,pp,PPP2R2A
PPP2R1A,pp,PPP2R2B
PPP2R1A,pp,PPP2R2C
PPP2R1A,pp,PTPRA
RPS6KA3,pp,MAPK1
RPS6KA3,pp,PKMYT1
RPS6KA3,pp,STK11
RPS6KA3,pp,CSNK1E
RPS6KA3,pp,CDC2
RPS6KA3,pp,GSK3B
RPS6KA3,pp,RPS6KA1
RPS6KA3,pp,MAPK8
PKMYT1,pp,CDC25B
PKMYT1,pp,CDK2
PKMYT1,pp,CDC25A
PKMYT1,pp,AURKB
PKMYT1,pp,CIT
PKMYT1,pp,CDC2
PKMYT1,pp,CDC25C
SET,pp,CDK5
SET,pp,SET
SET,pp,ANP32A
PAK3,pp,MAP3K1
PAK3,pp,RAF1
STK39,pp,MAPK14
STK39,pp,MINK1
STK39,pp,PINK1
STK39,pp,WNK4
STK39,pp,AATK
MAP2K6,pp,MAPK12
MAP2K6,pp,MAPK13
MAP2K6,pp,MAPK14
MAP2K6,pp,MAP2K4
MAP2K6,pp,PAK6
MAP2K6,pp,MAP3K5
MAP2K6,pp,MAP2K6
FYN,pp,PTPRZ1
FYN,pp,TXK
FYN,pp,CDK5
FYN,pp,ACP1
FYN,pp,PTPRF
FYN,pp,FYN
FYN,pp,CDC2
FYN,pp,PTP4A3
FYN,pp,MAPK11
FYN,pp,MAPK13
FYN,pp,RPS6KA2
FYN,pp,SRPK1
FYN,pp,SRPK2
FYN,pp,STK4
FYN,pp,TEC
FYN,pp,MAP3K12
FYN,pp,MKNK1
FYN,pp,RPS6KA4
FYN,pp,RPS6KA5
FYN,pp,STK17B
FYN,pp,STK17A
FYN,pp,MAP4K4
FYN,pp,OXSR1
FYN,pp,MAP4K5
FYN,pp,MAP4K1
FYN,pp,STK38
FYN,pp,ICK
FYN,pp,TNIK
FYN,pp,DAPK2
FYN,pp,MINK1
FYN,pp,PINK1
FYN,pp,WNK1
FYN,pp,SNF1LK
FYN,pp,RASA1
FYN,pp,SRC
FYN,pp,BCR
FYN,pp,LCK
FYN,pp,KIT
FYN,pp,LYN
FYN,pp,INSR
FYN,pp,PRKCA
PPP2R5E,pp,PPP2CA
CSNK1G1,pp,SCYL1
FGFR1,pp,TENC1
FGFR1,pp,RPS6KA1
FGFR1,pp,FGFR1
FGFR1,pp,RASA1
FGFR1,pp,MAP3K14
FGFR1,pp,FRAP1
FGFR1,pp,GRK6
FGFR1,pp,GSK3A
FGFR1,pp,LTK
FGFR1,pp,MAP3K5
FGFR1,pp,PDPK1
FGFR1,pp,MAPKAPK2
FGFR1,pp,CAMKK2
FGFR1,pp,TAOK3
FGFR1,pp,FGFR4
FGFR1,pp,FGFR3
FGFR1,pp,SRC
FGFR1,pp,IGF1R
FGFR1,pp,INSR
FGFR1,pp,RPS6KA3
TSSK1B,pp,CHEK2
AURKC,pp,ROCK2
AURKC,pp,PRKACB
AURKC,pp,PRKG1
MAPKAPK3,pp,EEF2K
MAPKAPK3,pp,MAPKAPK5
MAPKAPK3,pp,RPS6KA5
MAPKAPK3,pp,TAOK2
MAPKAPK3,pp,MAP4K4
MAPKAPK3,pp,MAP4K5
MAPKAPK3,pp,MAP4K1
MAPKAPK3,pp,TNIK
MAPKAPK3,pp,STK39
MAPKAPK3,pp,MINK1
MAPKAPK3,pp,PINK1
MAPKAPK3,pp,MAPK11
MAPKAPK3,pp,MAPK14
STK38L,pp,STK38L
STK38L,pp,STK24
MKNK1,pp,MKNK1
MKNK1,pp,MAPK14
MKNK1,pp,RPS6KA4
MKNK1,pp,RPS6KA5
MKNK1,pp,STK17B
MKNK1,pp,STK17A
MKNK1,pp,MAP4K4
MKNK1,pp,OXSR1
MKNK1,pp,MAP4K5
MKNK1,pp,MAP4K1
MKNK1,pp,STK38
MKNK1,pp,ICK
MKNK1,pp,TNIK
MKNK1,pp,DAPK2
MKNK1,pp,MINK1
MKNK1,pp,PINK1
MKNK1,pp,WNK1
MKNK1,pp,SNF1LK
MKNK1,pp,PRKCA
MKNK1,pp,PRKACB
MKNK1,pp,MAPK1
ACVR2A,pp,ACVRL1
ACVR2A,pp,ACVR2A
PPP1R14B,pp,PRKCB1
MAP3K9,pp,MAP3K9
MAP3K9,pp,MAP3K11
MAP3K9,pp,MAP3K10
MAP3K9,pp,PKN1
MAP3K9,pp,TTN
MAP3K9,pp,MAP3K12
MAP3K9,pp,TNK1
MAP3K9,pp,CAMKK2
MAP3K9,pp,MAP4K5
MAP3K9,pp,MAP4K1
MAP3K9,pp,TAOK3
MAP3K9,pp,CRKRS
PPM1B,pp,CDK6
PPM1B,pp,IKBKB
PPM1B,pp,CDK2
PPM1B,pp,MAP3K7
PPM1B,pp,MAPK8
PPM1B,pp,MAP2K6
PPM1B,pp,MAP2K4
JAK2,pp,PDGFRB
JAK2,pp,FYN
JAK2,pp,JAK2
JAK2,pp,PPP2CA
JAK2,pp,FES
JAK2,pp,RAF1
JAK2,pp,MAPK10
JAK2,pp,PTPN2
JAK2,pp,PTP4A3
JAK2,pp,MATK
JAK2,pp,TYK2
JAK2,pp,MAPK1
JAK2,pp,MAPK3
JAK2,pp,MST1R
JAK2,pp,SRC
JAK2,pp,EGFR
JAK2,pp,SIRPA
MAPK3,pp,PRKCE
MAPK3,pp,PTPN7
MAPK3,pp,DUSP3
MAPK3,pp,HSPB8
MAPK3,pp,MAP2K1
MAPK3,pp,DAPK1
MAPK3,pp,PPP2CA
MAPK3,pp,ADRBK1
MAPK3,pp,PPP1CA
MAPK3,pp,MKNK1
MAPK3,pp,MAPK14
MAPK3,pp,PRKCD
MAPK3,pp,DUSP1
MAPK3,pp,LCK
MAPK3,pp,MAPK3
MAPK3,pp,INSR
MAPK3,pp,MYLK
MAPK3,pp,RPS6KA3
MAPK3,pp,CAMK2G
MAPK3,pp,CAMK2D
MAPK3,pp,RPS6KA6
MAPK3,pp,MAPK6
MAPK3,pp,SRC
MAPK3,pp,STK3
MAPK3,pp,MAPK12
MAPK3,pp,MAPK9
MAPK3,pp,RPS6KB1
MAPK3,pp,PRKCZ
MAPK3,pp,MKNK2
MAPK3,pp,CSNK2A2
MAPK3,pp,GSK3B
MAPK3,pp,RPS6KA5
MAPK3,pp,RPS6KA1
MAPK3,pp,LYN
MAPK3,pp,NTRK3
MAPK3,pp,PAK2
MAPK3,pp,PTPN5
MAPK3,pp,RPS6KA2
MAPK3,pp,RAF1
MAP3K1,pp,MAPK1
MAP3K1,pp,MAP2K1
MAP3K1,pp,MAP2K4
MAP3K1,pp,MAP3K4
MAP3K1,pp,MAPK10
MAP3K1,pp,PTK2
MAP3K1,pp,WNK2
MAP3K1,pp,MAPK3
MAP3K1,pp,MAPK8
MAP3K1,pp,MAP2K7
MAP3K1,pp,RAF1
MAP3K1,pp,EPHA4
MAP3K1,pp,CHUK
MAP3K1,pp,MYLK2
INSR,pp,INSR
INSR,pp,CSK
INSR,pp,JAK2
INSR,pp,SRC
INSR,pp,JAK1
INSR,pp,RASA1
INSR,pp,PTPN6
INSR,pp,PTPRF
INSR,pp,LYN
INSR,pp,PTK2
PRKCB1,pp,PRKCB1
PRKCB1,pp,GSK3A
PRKCB1,pp,PTPN11
PRKCB1,pp,CHUK
PRKCB1,pp,IKBKB
PRKCB1,pp,BCR
PRKCB1,pp,PRKCG
PRKCB1,pp,CDK2
PRKCB1,pp,MAPK14
PRKCB1,pp,BTK
PRKCB1,pp,ADRBK1
STK25,pp,STK25
STK25,pp,BCR
STK25,pp,MAP4K1
NEK3,pp,NEK4
EIF2AK3,pp,IKBKB
EIF2AK3,pp,EIF2AK3
PBK,pp,RAF1
PBK,pp,ARAF
MET,pp,DAPK3
MET,pp,PRKCA
MET,pp,LYN
MET,pp,RPS6KA3
MET,pp,IGF1R
MET,pp,INSR
MET,pp,MET
FRAP1,pp,FRAP1
FRAP1,pp,RPS6KB1
FRAP1,pp,RPS6KA5
FRAP1,pp,MAPK13
FRAP1,pp,MKNK1
FRAP1,pp,TNIK
FRAP1,pp,PPP2R5C
FRAP1,pp,RPS6KA1
FRAP1,pp,RPS6KA3
FRAP1,pp,RPS6KB2
INPP5D,pp,INPP5D
INPP5D,pp,LYN
INPP5D,pp,PTPN11
INPP5D,pp,FGR
INPP5D,pp,HCK
INPP5D,pp,FLT3
INPP5D,pp,SRC
INPP5D,pp,MET
RIPK1,pp,EGFR
RIPK1,pp,PTK2
RIPK1,pp,PRKCB1
RIPK1,pp,MAP3K3
RIPK1,pp,RIPK1
STK17A,pp,MAP4K4
STK17A,pp,OXSR1
STK17A,pp,MAP4K5
STK17A,pp,MAP4K1
STK17A,pp,STK38
STK17A,pp,ICK
STK17A,pp,TNIK
STK17A,pp,DAPK2
STK17A,pp,MINK1
STK17A,pp,PINK1
STK17A,pp,WNK1
STK17A,pp,SNF1LK
STK17A,pp,STK17A
PTPRCAP,pp,PTPRC
PINK1,pp,PINK1
PINK1,pp,WNK1
PINK1,pp,SNF1LK
CAMK4,pp,CAMK2G
NLK,pp,HIPK2
NLK,pp,MAP3K7
NLK,pp,NLK
BTK,pp,PRKCQ
BTK,pp,BTK
BTK,pp,BMX
BTK,pp,JAK1
BTK,pp,CSK
BTK,pp,PTK2B
BTK,pp,FGFR4
BTK,pp,FYN
BTK,pp,MAPK8
BTK,pp,DAPK1
BTK,pp,JAK2
BTK,pp,JAK3
BTK,pp,MATK
BTK,pp,MAP3K5
BTK,pp,CAMKK2
BTK,pp,PRKCA
BTK,pp,PRKCE
BTK,pp,PRKCZ
BTK,pp,PPM1G
BTK,pp,LCK
BTK,pp,IGF1R
BTK,pp,HCK
EPHB4,pp,EGFR
EPHB4,pp,EPHB6
EPHB4,pp,ERBB2
EPHB4,pp,ERBB3
EPHB4,pp,FLT1
EPHB4,pp,LTK
EPHB4,pp,ROR1
EPHB4,pp,PDGFRA
EPHB4,pp,PDGFRB
EPHB4,pp,TEK
GRK5,pp,GRK5
GRK5,pp,PRKACB
GRK5,pp,GRK6
GRK5,pp,GRK1
GRK5,pp,PRKCB1
MAP3K4,pp,PTPN11
MAP3K4,pp,MAP2K4
MAP3K4,pp,MAP2K3
MAP3K4,pp,MAP2K6
MAP3K4,pp,MAP3K4
MAP3K4,pp,MAP2K1
MAP3K4,pp,MAP3K5
MAP3K4,pp,PAK1
MAP3K4,pp,MAPK1
MAP3K4,pp,MAPK8
MAP3K4,pp,MAPK11
MAP3K4,pp,MAPK9
MAP3K4,pp,MAPK10
MAP3K4,pp,MAP3K12
MAP3K4,pp,MAPKAPK3
MAP3K4,pp,MAPKAPK5
MAP3K4,pp,RPS6KA5
MAP3K4,pp,TAOK2
MAP3K4,pp,MAP4K4
MAP3K4,pp,MAP4K5
MAP3K4,pp,MAP4K1
MAP3K4,pp,DUSP10
MAP3K4,pp,TNIK
MAP3K4,pp,STK39
MAP3K4,pp,PINK1
MAP3K4,pp,MAP4K3
MAP3K4,pp,MINK1
MAP3K4,pp,PTPN6
MINK1,pp,PINK1
MINK1,pp,WNK1
MINK1,pp,SNF1LK
MINK1,pp,MAPK14
CAMK2A,pp,CAMK2D
CAMK2A,pp,MAP3K6
CAMK2A,pp,MAPK3
CAMK2A,pp,MAPK1
CAMK2A,pp,MAP3K5
CAMK2A,pp,PPP1R9B
CAMK2A,pp,PPP2R5C
CAMK2A,pp,CSNK1E
CAMK2A,pp,PRKCB1
CAMK2A,pp,CAMK2B
CAMK2A,pp,EGFR
DUSP5,pp,DUSP8
DUSP5,pp,MAPK3
CDKN3,pp,CDK3
CDKN3,pp,CDK2
CDKN3,pp,CDC2
CDKN3,pp,PIK3R4
CDKN3,pp,AURKA
CDKN3,pp,CDC7
CDKN3,pp,AURKB
CDKN3,pp,CDC25A
CDKN3,pp,CDKN3
MAPK14,pp,PTPN7
MAPK14,pp,MAP3K7
MAPK14,pp,RPS6KA4
MAPK14,pp,CSNK2A2
MAPK14,pp,MAPK1
MAPK14,pp,MAPKAPK2
MAPK14,pp,EEF2K
MAPK14,pp,MAP3K1
MAPK14,pp,MAP3K4
MAPK14,pp,CDC25C
MAPK14,pp,RPS6KA5
MAPK14,pp,MAPK11
MAPK14,pp,MAPK12
MAPK14,pp,PAK6
MAPK14,pp,CDC25A
MAPK14,pp,MAPKAPK5
MAPK14,pp,MAPK14
TAOK2,pp,MAP2K3
TAOK2,pp,MAP2K6
TAOK2,pp,MAP4K4
TAOK2,pp,TESK2
TAOK2,pp,MAP4K5
TAOK2,pp,MAP4K1
TAOK2,pp,TNIK
TAOK2,pp,STK39
TAOK2,pp,MINK1
TAOK2,pp,TAOK3
TAOK2,pp,PINK1
TAOK2,pp,STK25
PTK6,pp,ERBB3
PTK6,pp,PTK6
PTK6,pp,LYN
PTK6,pp,EGFR
FHIT,pp,FHIT
RPS6KB2,pp,PRKCB1
AKT1,pp,MAP3K8
AKT1,pp,PDK2
AKT1,pp,GSK3A
AKT1,pp,BRAF
AKT1,pp,PRKDC
AKT1,pp,WNK1
AKT1,pp,MST1R
AKT1,pp,MAP3K11
AKT1,pp,CHUK
AKT1,pp,PFKFB2
AKT1,pp,MAP2K4
AKT1,pp,FRAP1
AKT1,pp,GSK3B
AKT1,pp,IKBKB
AKT1,pp,PTPN1
AKT1,pp,IRAK1
AKT1,pp,MAP3K5
AKT1,pp,CHEK1
AKT1,pp,AKT1
AKT1,pp,BCR
AKT1,pp,LIMK1
AKT1,pp,LIMK2
AKT1,pp,MAP3K1
AKT1,pp,MAP3K4
AKT1,pp,MAP3K10
AKT1,pp,PAK2
AKT1,pp,PKN1
AKT1,pp,MAPK8
AKT1,pp,MAP2K1
AKT1,pp,PTK2
AKT1,pp,ROCK1
AKT1,pp,PAK4
AKT1,pp,CIT
AKT1,pp,IGF1R
AKT1,pp,PHKG1
AKT1,pp,PHKG2
AKT1,pp,MAPK13
AKT1,pp,MKNK1
AKT1,pp,TNIK
AKT1,pp,MAPK1
AKT1,pp,AKT3
AKT1,pp,INSR
AKT1,pp,MAPK3
AKT1,pp,CSNK1D
AKT1,pp,NUAK1
AKT1,pp,WEE1
AKT1,pp,PRKCA
AKT1,pp,PAK1
AKT1,pp,PTEN
AKT1,pp,RAF1
LIMK2,pp,TESK1
LIMK2,pp,PRKCB1
LIMK2,pp,LIMK1
PPP1R8,pp,PPP1CA
PPP1R8,pp,PRKACB
PPP1R8,pp,RPS6KA3
PPP1R8,pp,INSR
MARK2,pp,MAP3K3
MARK2,pp,MAPK10
MARK2,pp,MAPK9
MAP3K5,pp,CDC25A
MAP3K5,pp,EIF2AK2
MAP3K5,pp,RAF1
MAP3K5,pp,MAP3K5
MAP3K5,pp,MAP3K9
MAP3K5,pp,MAP3K10
MAP3K5,pp,MAP3K11
MAP3K5,pp,PRKCA
MAP3K5,pp,PKN1
MAP3K5,pp,MAPK1
MAP3K5,pp,MAPK11
MAP3K5,pp,MAPK9
MAP3K5,pp,MAPK13
MAP3K5,pp,MAPKAPK3
MAP3K5,pp,MAPKAPK5
MAP3K5,pp,RPS6KA5
MAP3K5,pp,MAPKAPK2
MAP3K5,pp,TAOK2
MAP3K5,pp,MAP4K4
MAP3K5,pp,CAMKK2
MAP3K5,pp,MAP4K5
MAP3K5,pp,MAP4K1
MAP3K5,pp,TNIK
MAP3K5,pp,STK39
MAP3K5,pp,MINK1
MAP3K5,pp,TAOK3
MAP3K5,pp,PINK1
MAP3K5,pp,MAPK8
MAP3K5,pp,MAP2K4
MAP3K5,pp,MAP4K3
RPS6KA2,pp,MAP2K1
RPS6KA2,pp,MAPK1
RPS6KA2,pp,RPS6KA3
RPS6KA2,pp,SRPK1
RPS6KA2,pp,SRPK2
RPS6KA2,pp,STK4
RPS6KA2,pp,TEC
RPS6KA2,pp,ZAP70
RPS6KA2,pp,MAP3K12
RPS6KA2,pp,MKNK1
RPS6KA2,pp,RPS6KA4
RPS6KA2,pp,RPS6KA5
RPS6KA2,pp,STK17B
RPS6KA2,pp,STK17A
RPS6KA2,pp,MAP4K4
RPS6KA2,pp,OXSR1
RPS6KA2,pp,MAP4K5
RPS6KA2,pp,MAP4K1
RPS6KA2,pp,STK38
RPS6KA2,pp,ICK
RPS6KA2,pp,TNIK
RPS6KA2,pp,DAPK2
RPS6KA2,pp,MINK1
RPS6KA2,pp,PINK1
RPS6KA2,pp,WNK1
RPS6KA2,pp,SNF1LK
RPS6KA2,pp,RPS6KB1
PPP3CC,pp,TGFBR1
PAK2,pp,ACP1
PAK2,pp,LIMK1
PAK2,pp,ABL1
PAK2,pp,TRIM28
PAK2,pp,PPP2R2B
PAK2,pp,PAK2
PAK2,pp,MYLK
PAK2,pp,MKNK1
PAK2,pp,CSNK1E
PAK2,pp,PRKCB1
PAK2,pp,PRKG1
PAK2,pp,RPS6KA3
LYN,pp,SYK
LYN,pp,CSF1R
LYN,pp,KIT
LYN,pp,LYN
LYN,pp,PPP1R8
LYN,pp,TEC
LYN,pp,MAP4K1
LYN,pp,CDK2
LYN,pp,CDC2
LYN,pp,PRKCD
LYN,pp,EGFR
LYN,pp,MAP3K1
LYN,pp,MAPK1
LYN,pp,SRC
LYN,pp,CSNK2A1
LYN,pp,PRKCA
LYN,pp,BTK
LYN,pp,JAK2
CDK2,pp,CDC7
CDK2,pp,PPP1CA
CDK2,pp,PTPN2
CDK2,pp,CDK2
CDK2,pp,LCK
CDK2,pp,MAPK1
CDK2,pp,MAPK10
CDK2,pp,CDK8
CDK2,pp,PLK1
CDK2,pp,PPP2CA
CDK2,pp,PPP2R1B
CDK2,pp,SRPK1
CDK2,pp,NEK4
CDK2,pp,AURKA
CDK2,pp,TTK
CDK2,pp,VRK1
CDK2,pp,AURKB
CDK2,pp,MELK
CDK2,pp,PLK4
CDK2,pp,CIT
CDK2,pp,CDK3
CDK2,pp,CDK6
CDK2,pp,CDKL2
CDK2,pp,CDK4
CDK2,pp,CDK5
CDK2,pp,FYN
PPP1R9B,pp,PPP1CA
PPP1R9B,pp,PPP1CC
PPP1R9B,pp,PRKCB1
PPP1R9B,pp,RPS6KA3
PPP1R9B,pp,PPP1R2
DUSP10,pp,MAPK11
DUSP10,pp,MAPK3
DUSP10,pp,MAPK8
DUSP10,pp,MAPK14
DUSP10,pp,MAPK10
DUSP10,pp,TNIK
DUSP10,pp,MINK1
TLK1,pp,TLK1
TLK1,pp,TLK2
TLK1,pp,CHEK2
TLK1,pp,CDK2
PPP2R5D,pp,CDC25C
PPP2R5D,pp,PPP2R5A
PPP2R5D,pp,PPFIA1
OBSCN,pp,TTN
GUCY2C,pp,SRC
GUCY2C,pp,NPR1
TAOK3,pp,TAOK3
TAOK3,pp,ERN1
TAOK3,pp,CRKRS
PTPRK,pp,PTPRM
PTPRK,pp,PTPRK
EPHA4,pp,FYN
EPHA4,pp,FGFR3
EPHA4,pp,FGFR1
EPHA4,pp,FGFR2
EPHA4,pp,EPHA4
FGFR2,pp,PTK2B
FGFR2,pp,FGFR2
FGFR2,pp,FLT1
FGFR2,pp,FGFR4
FGFR2,pp,PAK4
FGFR2,pp,FGFR1
NPR1,pp,NPR2
NPR1,pp,PRKCB1
NPR1,pp,PRKACB
NPR1,pp,NPR1
PPP1R1B,pp,PPP1CA
PPP1R1B,pp,PPP1CC
PPP1R1B,pp,CSNK1A1
PPP1R1B,pp,CDK2
PPP1R1B,pp,CDC2
PPP1R1B,pp,PRKCB1
PPP1R1B,pp,GSK3B
PPP1R1B,pp,MAPK8
PPP1R1B,pp,MAPK9
RAF1,pp,JAK1
RAF1,pp,PAK2
RAF1,pp,PRKCD
RAF1,pp,MAP2K2
RAF1,pp,LCK
RAF1,pp,INSR
RAF1,pp,RAF1
RAF1,pp,FYN
RAF1,pp,MAP2K1
RAF1,pp,RIPK2
RAF1,pp,RET
RAF1,pp,RASA1
RAF1,pp,STK3
RAF1,pp,MAP4K1
RAF1,pp,PRKDC
RAF1,pp,PRKACB
RAF1,pp,HCK
RAF1,pp,RPS6KA3
RAF1,pp,BRAF
MAPK15,pp,SRC
MAPK15,pp,MAPK15
MAP3K8,pp,MAP3K8
MAP3K8,pp,MAP3K14
MAP3K8,pp,MAPK1
MAP3K8,pp,MAP4K4
MAP3K8,pp,RIPK1
MAP3K8,pp,PRKCB1
MAP3K8,pp,RPS6KA3
MAP3K8,pp,MAP2K1
MAP3K8,pp,MAP2K2
MAP3K8,pp,KSR2
MAPKAPK2,pp,CDC25A
MAPKAPK2,pp,AKT1
MAPKAPK2,pp,EEF2K
MAPKAPK2,pp,MAPKAPK2
MAPKAPK2,pp,CAMKK2
MAPKAPK2,pp,TAOK3
MAPKAPK2,pp,MAPK11
MAPKAPK2,pp,CDK2
MAPKAPK2,pp,CDC2
MAPKAPK2,pp,GSK3B
MAPKAPK2,pp,MAPK10
MAPKAPK2,pp,MAPK8
MAPKAPK2,pp,MAPK9
MAPKAPK2,pp,CDC25B
TRIM24,pp,TRIM28
TRIM24,pp,TRIM24
PPP2R2C,pp,PPP2R1B
PPP2R2C,pp,PPP2CA
PPP2R2C,pp,PPP2CB
TSSK2,pp,TSSK2
CLK2,pp,CLK3
CLK2,pp,PTPN1
CLK2,pp,CLK2
CLK2,pp,DYRK1A
CLK2,pp,PRPF4B
CLK2,pp,CHEK2
CDC2L6,pp,NEK9
PTP4A3,pp,PSPH
PTP4A3,pp,CDK2
PTP4A3,pp,PTP4A3
PRKCZ,pp,GSK3A
PRKCZ,pp,AKT1
PRKCZ,pp,PPP3CA
PRKCZ,pp,RAF1
PRKCZ,pp,GSK3B
PRKCZ,pp,PPP1R14A
PRKCZ,pp,HIPK3
PRKCZ,pp,FYN
PRKCZ,pp,PRKCA
PRKCZ,pp,PRKCD
PRKCZ,pp,IKBKB
BMX,pp,TXK
BMX,pp,IGF1R
BMX,pp,INSR
DUSP19,pp,MAPK9
DUSP19,pp,MAP3K5
DUSP19,pp,MAP2K7
TIE1,pp,TEK
TIE1,pp,PTPN11
TIE1,pp,TIE1
MAP4K1,pp,EGFR
MAP4K1,pp,MAP3K11
MAP4K1,pp,MAP4K1
MAP4K1,pp,STK38
MAP4K1,pp,ICK
MAP4K1,pp,TNIK
MAP4K1,pp,DAPK2
MAP4K1,pp,STK39
MAP4K1,pp,MINK1
MAP4K1,pp,PINK1
MAP4K1,pp,WNK1
MAP4K1,pp,SNF1LK
MAP4K1,pp,MAPK1
MAP4K1,pp,CDK2
MAP4K1,pp,PRKCA
MAP4K1,pp,CSF1R
MAP4K1,pp,RPS6KA3
MAP4K1,pp,INSR
NEK9,pp,NEK9
NEK9,pp,NEK6
NEK9,pp,NEK7
TNK1,pp,CAMKK2
TNK1,pp,TAOK3
TNK1,pp,CRKRS
PPP1R3C,pp,PPP1R3D
PPP1R3C,pp,PPP2R1A
PRKCI,pp,IRAK1
PRKCI,pp,CHUK
PRKCI,pp,PRKCI
PRKCI,pp,PRKCZ
PRKCI,pp,BCR
PRKCI,pp,INSR
BUB1,pp,CDC25A
BUB1,pp,CDC25C
BUB1,pp,CDK2
BUB1,pp,CDK4
BUB1,pp,CDK7
BUB1,pp,CDK8
BUB1,pp,CDKN3
BUB1,pp,SRPK1
BUB1,pp,NEK4
BUB1,pp,AURKA
BUB1,pp,TTK
BUB1,pp,VRK1
BUB1,pp,WEE1
BUB1,pp,CDC7
BUB1,pp,AURKB
BUB1,pp,MELK
BUB1,pp,PLK4
BUB1,pp,CIT
BUB1,pp,CHEK2
BUB1,pp,STK39
BUB1,pp,BUB1B
CDK9,pp,CDK7
CDK9,pp,CTDSPL
CDK9,pp,CDK9
CDK9,pp,CTDP1
CDK9,pp,STK36
PPM1A,pp,AKT1
PPM1A,pp,PRKCD
FLT1,pp,YES1
FLT1,pp,FYN
FLT1,pp,FLT1
FLT1,pp,PTPN11
FLT1,pp,IGF1R
FLT1,pp,LTK
FLT1,pp,ROR1
FLT1,pp,PDGFRA
FLT1,pp,PDGFRB
FLT1,pp,CDC2L5
FLT1,pp,FLT4
FLT1,pp,TIE1
FLT1,pp,TEK
FLT1,pp,FLT3
FLT1,pp,INSR
PTPRS,pp,EGFR
PTPRS,pp,PTPRA
PTPRS,pp,PTPRE
PTPRS,pp,PTPRM
PTPRS,pp,PTPRD
MAPK4,pp,CDK2
MAPK4,pp,GSK3B
MAPK4,pp,MAPK14
MAPK4,pp,MAPK4
KSR1,pp,MAP2K2
KSR1,pp,MAP2K1
KSR1,pp,MAPK3
KSR1,pp,RAF1
MAST3,pp,PRKD2
MAST3,pp,PTEN
PKN2,pp,PTPN13
PKN2,pp,AKT1
PKN2,pp,RPS6KA1
PKN2,pp,DYRK2
MAP2K3,pp,DYRK1B
MAP2K3,pp,MAPK3
MAP2K3,pp,MAPK12
MAP2K3,pp,MAPK14
MAP2K3,pp,PKN1
DUSP4,pp,MAPK9
DUSP4,pp,MAPK8
DUSP4,pp,MAPK3
DUSP4,pp,MAPK1
DUSP4,pp,FGFR1
DUSP4,pp,MAP3K5
DUSP4,pp,MAPKAPK2
DUSP4,pp,CAMKK2
DUSP4,pp,TAOK3
DUSP4,pp,DUSP7
DUSP4,pp,MAPK14
ATM,pp,PPP1CA
ATM,pp,CHEK2
ATM,pp,STK11
ATM,pp,CDC25A
ATM,pp,ABL1
ATM,pp,PPP1CC
ATM,pp,CDC25C
ATM,pp,PRKDC
ATM,pp,ATM
ATM,pp,CHEK1
ATM,pp,WEE1
ATM,pp,CDC2
ATM,pp,CDK2
ATM,pp,CSNK1D
ATM,pp,RPS6KA3
ATM,pp,FRAP1
ATM,pp,ATR
ATM,pp,INSR
STK38,pp,ICK
STK38,pp,TNIK
STK38,pp,DAPK2
STK38,pp,MINK1
STK38,pp,PINK1
STK38,pp,WNK1
STK38,pp,SNF1LK
STK38,pp,STK38
PPM1L,pp,MAP3K7
EPHB3,pp,FYN
EPHB3,pp,RASA1
EPHB3,pp,RYK
EPHB3,pp,EPHB3
EPHB3,pp,HCK
NEK11,pp,NEK11
MAP3K3,pp,PPP1CC
MAP3K3,pp,WNK1
MAP3K3,pp,IKBKB
MAP3K3,pp,PPP1CA
MAP3K3,pp,MYLK2
MAP3K3,pp,PRKDC
MAP3K3,pp,MAP3K2
MAP3K3,pp,PPP2R1A
MAP3K3,pp,LYN
MAP3K3,pp,PPP2R1B
MAP3K3,pp,MAP3K5
MAP3K3,pp,MAP4K3
MAP3K3,pp,ALK
MAP3K3,pp,AKT1
MAP3K3,pp,PRKCA
MAP3K3,pp,RPS6KA3
MAP3K3,pp,MAP3K3
MAP3K3,pp,PPP1R12A
CAMK2B,pp,CAMK2D
CAMK2B,pp,CAMK2B
CAMK2B,pp,CAMK2G
CAMK2B,pp,CSNK1G2
CAMK2B,pp,FGFR1
CAMK2B,pp,GRK6
CAMK2B,pp,IGF1R
CAMK2B,pp,LTK
CAMK2B,pp,PDPK1
CAMK2B,pp,PHKG1
CAMK2B,pp,PKN2
CAMK2B,pp,MAPK1
CAMK2B,pp,MAPK3
CAMK2B,pp,MAP3K6
CAMK2B,pp,MAP3K5
PPP2CA,pp,IGBP1
PPP2CA,pp,PPP2R5C
PPP2CA,pp,SET
PPP2CA,pp,AKT1
PPP2CA,pp,PRKCD
PPP2CA,pp,SNF1LK2
PPP2CA,pp,SNF1LK
PPP2CA,pp,PPP2R2B
PPP2CA,pp,PPP2R1B
PPP2CA,pp,PPP2CB
PPP2CA,pp,PPP2R2D
PPP2CA,pp,SRC
PPP2CA,pp,PRKCA
PTPN3,pp,ZAP70
PTPN3,pp,PTPN21
PTPN3,pp,PTP4A2
PRKD3,pp,GSK3A
PPP4R1,pp,PPP4C
PPP4R1,pp,PTPN21
RPS6KB1,pp,STK11
RPS6KB1,pp,AKT1
RPS6KB1,pp,PPP2CA
RPS6KB1,pp,MAPK1
RPS6KB1,pp,PPP1R9B
RPS6KB1,pp,PRKDC
RPS6KB1,pp,CDK2
RPS6KB1,pp,GSK3B
RPS6KB1,pp,MAPK14
RPS6KB1,pp,MAPK10
RPS6KB1,pp,MAPK9
RPS6KB1,pp,EEF2K
PDGFRA,pp,PDGFRB
PDGFRA,pp,PDGFRA
PDGFRA,pp,PRKCA
PDGFRA,pp,TEK
PDGFRA,pp,MERTK
LATS2,pp,STK3
LATS2,pp,PRKACB
BUB1B,pp,BUB1B
BUB1B,pp,MAP3K4
BUB1B,pp,CDC2
BUB1B,pp,CDC25A
BUB1B,pp,CDC25C
BUB1B,pp,CDK2
BUB1B,pp,CDK4
BUB1B,pp,CDK7
BUB1B,pp,CDK8
BUB1B,pp,CDKN3
BUB1B,pp,ERBB2
BUB1B,pp,PLK1
BUB1B,pp,SRPK1
BUB1B,pp,NEK4
BUB1B,pp,AURKA
BUB1B,pp,TTK
BUB1B,pp,VRK1
BUB1B,pp,WEE1
BUB1B,pp,CDC7
BUB1B,pp,AURKB
BUB1B,pp,MELK
BUB1B,pp,PLK4
BUB1B,pp,CIT
BUB1B,pp,CHEK2
ALK,pp,ALK
ALK,pp,RASA1
ALK,pp,HCK
ALK,pp,IGF1R
ALK,pp,PTPRZ1
PRKCA,pp,KIT
PRKCA,pp,PTPN6
PRKCA,pp,LCK
PRKCA,pp,SRC
PRKCA,pp,RAF1
PRKCA,pp,HSPB8
PRKCA,pp,EGFR
PRKCA,pp,PFKFB2
PRKCA,pp,PRKCA
PRKCA,pp,PTPN12
PRKCA,pp,ADRBK1
PRKCA,pp,PTPN11
PRKCA,pp,GSK3A
PRKCA,pp,INSR
PRKCA,pp,ABL1
PRKCA,pp,PRKCG
PRKCA,pp,PRKCB1
PRKCA,pp,IGF1R
PRKCA,pp,TRIM24
PRKCA,pp,PRKCQ
PRKCA,pp,MARK2
PRKCA,pp,PTPRA
PRKCA,pp,STK39
PRKCA,pp,RPS6KB2
PRKCA,pp,PRKD1
PRKCA,pp,PRKCE
PRKCA,pp,LIMK2
PRKCA,pp,PTPRC
PRKCA,pp,PRKG1
PRKCA,pp,PPP1R14A
EPHA3,pp,EPHA3
EPHA3,pp,LCK
PPP3R1,pp,PPP3CC
PPP3R1,pp,PPP3CA
PPP3R1,pp,PTPN5
PPP3R1,pp,PPP1R1A
PPP3R1,pp,PPP1R1B
PPP3R1,pp,MAP3K5
PPP3R1,pp,CAMK4
BMPR2,pp,BMPR2
BMPR2,pp,MAP3K8
BMPR2,pp,MOS
BMPR2,pp,PRKCB1
BMPR2,pp,TGFBR1
BMPR2,pp,ACVR1B
BMPR2,pp,ACVR1
PCTK2,pp,TGFBR1
PDK2,pp,PDK2
PDK2,pp,PDK1
PDK2,pp,PDK3
PTPRJ,pp,MET
PTPRJ,pp,EGFR
PTPRJ,pp,PDGFRB
RPS6KA1,pp,RPS6KA1
RPS6KA1,pp,EEF2K
RPS6KA1,pp,RPS6KA2
RPS6KA1,pp,RPS6KB2
RPS6KA1,pp,PPP1R3A
RPS6KA1,pp,CSNK1A1
RPS6KA1,pp,CDK2
RPS6KA1,pp,PRKACB
RPS6KA1,pp,GSK3B
RPS6KA1,pp,MAPK14
GRK4,pp,GRK5
GRK4,pp,GRK6
GRK4,pp,GRK1
PRKACG,pp,PPP1CA
PRKACG,pp,PPP1CB
PRKACG,pp,PPP1CC
PRKACG,pp,PRKX
PRKACG,pp,PRKACG
PTP4A1,pp,PTP4A1
G6PC,pp,ACPT
MAP3K13,pp,MAP3K13
MAP3K13,pp,IKBKB
CDC2L5,pp,CDK2
CDC2L5,pp,CDC2
CDC2L5,pp,AKT1
CDC2L5,pp,PRKCB1
CDC2L5,pp,GSK3B
CDC2L5,pp,RPS6KA3
CDC2L5,pp,MAPK10
CDC2L5,pp,MAPK8
CDC2L5,pp,MAPK9
CDC2L5,pp,PKMYT1
CDC2L5,pp,STK38
PTP4A2,pp,PTP4A1
MAPKAPK5,pp,MAPK13
MAPKAPK5,pp,MAPK12
MAPKAPK5,pp,MAPK1
MAPKAPK5,pp,MAPK9
MAPKAPK5,pp,EEF2K
MAPKAPK5,pp,RPS6KA5
MAPKAPK5,pp,TAOK2
MAPKAPK5,pp,MAP4K4
MAPKAPK5,pp,MAP4K5
MAPKAPK5,pp,MAP4K1
MAPKAPK5,pp,TNIK
MAPKAPK5,pp,STK39
MAPKAPK5,pp,MINK1
MAPKAPK5,pp,PINK1
PTPN18,pp,ERBB2
PTPN18,pp,CSK
PTPN18,pp,TEC
PTPN18,pp,SRC
PTPN18,pp,ABL1
PTPN18,pp,PSTPIP1
TTK,pp,VRK1
TTK,pp,CDC7
TTK,pp,AURKB
TTK,pp,MELK
TTK,pp,PLK4
TTK,pp,CIT
ROR1,pp,ROR2
ROR1,pp,PDGFRA
ROR1,pp,PDGFRB
ROR1,pp,TEK
DUSP13,pp,TGFBR1
PPP1R10,pp,PPP1CA
MAP4K3,pp,MAPK14
CDK7,pp,CDK2
CDK7,pp,CDC2
CDK7,pp,CDK7
CDK7,pp,CTDP1
CDK7,pp,ICK
CDK7,pp,CDK8
CDK7,pp,CDKN3
CDK7,pp,NEK4
CDK7,pp,WEE1
CDK7,pp,CDC7
CDK7,pp,PKMYT1
CDK7,pp,DYRK1B
CDK7,pp,CIT
DUT,pp,DUT
DUT,pp,CDK2
DUT,pp,GSK3B
PPP1R12B,pp,MAPK3
PPP1R12B,pp,MAPK1
PLK1,pp,CDC25A
PLK1,pp,CHEK2
PLK1,pp,CDC2
PLK1,pp,PKMYT1
PLK1,pp,CDC25B
PLK1,pp,WEE1
PLK1,pp,BUB1
PLK1,pp,CDC25C
PLK1,pp,PRKG1
PLK1,pp,PPP2R4
PLK1,pp,STK10
PLK1,pp,SRPK1
PLK1,pp,NEK4
PLK1,pp,AURKA
PLK1,pp,TTK
PLK1,pp,VRK1
PLK1,pp,CDC7
PLK1,pp,AURKB
PLK1,pp,MELK
PLK1,pp,PLK4
PLK1,pp,CIT
PLK1,pp,PLK1
PTPN12,pp,FLT3
PTPN12,pp,PTK2B
PTPN12,pp,CSK
PTPN12,pp,JAK2
PTPN12,pp,INSR
PTPN12,pp,PSTPIP1
PTPN12,pp,ABL1
PTPN12,pp,AKT1
PTPN12,pp,PRKCB1
PTPN12,pp,RPS6KA3
PTPN12,pp,PTK2
SCYL1,pp,SCYL1
PRKCD,pp,SRC
PRKCD,pp,INSR
PRKCD,pp,PRKCD
PRKCD,pp,EGFR
PRKCD,pp,PTPRA
PRKCD,pp,PTPN6
PRKCD,pp,FYN
PRKCD,pp,ADRBK1
PRKCD,pp,GSK3A
PRKCD,pp,BCR
PRKCD,pp,AKT3
PRKCD,pp,PRKCA
RIPK4,pp,PRKCB1
RIPK4,pp,PRKCD
PPP2R3A,pp,PPP5C
PPP2R3A,pp,PPP2R3A
PLK4,pp,TEC
PLK4,pp,PLK4
PLK4,pp,TGFBR1
PLK4,pp,CIT
PPM2C,pp,PRKCD
PTPN21,pp,TEC
PTPN21,pp,SRC
PTPN21,pp,BMX
PTPN21,pp,PTK2
PPP1CB,pp,PPP1R12A
PPP1CB,pp,PPP1R11
PPP1CB,pp,PPP1R12B
PPP1CB,pp,PPP1R2
PPP1CB,pp,PTK2
PPP1CB,pp,PRKDC
PPP1CB,pp,ATM
PPP1CB,pp,CDK2
PPP1CB,pp,MAPK14
PPP1CB,pp,PPP1R3D
PPP1CB,pp,PPP1R8
PPP1CC,pp,RAF1
PPP1CC,pp,CDC2
PPP1CC,pp,CDK4
PPP1CC,pp,PPP1R2
PPP1CC,pp,AURKA
PPP1CC,pp,CDK2
PPP1CC,pp,PPP1R8
PPP1CC,pp,PPP1R3D
PPP1CC,pp,CAMK2A
PPP1CC,pp,PPP2R1A
PPP1CC,pp,PPP1R3A
PPP1CC,pp,PPP1R3C
PPP1CC,pp,PRKCB1
PPP1CC,pp,EIF2AK2
HIPK3,pp,LIMK2
HIPK3,pp,MAP4K1
EPHB2,pp,EPHB2
EPHB2,pp,ABL2
EPHB2,pp,KALRN
EPHB2,pp,ABL1
EPHB2,pp,RASA1
EPHB2,pp,MAPK1
EPHB2,pp,MAP2K1
EPHB2,pp,MAPK8
EPHB2,pp,RAF1
EPHB2,pp,MAPK3
EPHB2,pp,PTK2
EPHB2,pp,FYN
EPHB2,pp,ERBB2
EPHB2,pp,INSR
EPHB2,pp,EPHB4
EPHB2,pp,EPHB6
EPHB2,pp,ERBB3
EPHB2,pp,FLT1
EPHB2,pp,LTK
EPHB2,pp,ROR1
EPHB2,pp,PDGFRA
EPHB2,pp,PDGFRB
EPHB2,pp,TEK
EPHB2,pp,SRC
EPHB2,pp,RYK
NTRK2,pp,NTRK2
NTRK2,pp,PTPN1
NTRK2,pp,FYN
NTRK2,pp,NTRK3
NTRK2,pp,LYN
NTRK2,pp,INSR
MAPK1,pp,PAK2
MAPK1,pp,DUSP1
MAPK1,pp,RPS6KA1
MAPK1,pp,RAF1
MAPK1,pp,MAPK1
MAPK1,pp,DUSP6
MAPK1,pp,LCK
MAPK1,pp,PRKCD
MAPK1,pp,PPP1CA
MAPK1,pp,CALCOCO1
MAPK1,pp,DUSP16
MAPK1,pp,DUSP5
MAPK1,pp,MAP2K1
MAPK1,pp,PTPN5
MAPK1,pp,DUSP2
MAPK1,pp,PPP2CA
MAPK1,pp,PPP1R9B
MAPK1,pp,MAPKAPK2
MAPK1,pp,ADRBK1
MAPK1,pp,MYLK
MAPK1,pp,MAPK6
MAPK1,pp,RPS6KA5
MAPK1,pp,PAK1
MAPK1,pp,PRKCZ
MAPK1,pp,CAMK2D
MAPK1,pp,SYK
MAPK1,pp,MAP2K3
MAPK1,pp,MAPK9
MAPK1,pp,MAPK3
MAPK1,pp,SRC
MAPK1,pp,MAPK11
MAPK1,pp,MAPK12
MAPK1,pp,GSK3B
MAPK1,pp,EIF2AK2
MAPK1,pp,PTEN
MAPK1,pp,PTK2
MAPK1,pp,PTPN11
MAPK1,pp,PTPRA
MAPK1,pp,ZAP70
MAPK1,pp,MAPKAPK3
MAPK1,pp,KSR1
MAPK1,pp,DUSP10
MAPK1,pp,MAPK13
MAPK1,pp,TAOK2
MAPK1,pp,MAP4K4
MAPK1,pp,MAP4K5
MAPK1,pp,DAPK2
MAPK1,pp,STK39
MAPK1,pp,MINK1
MAPK1,pp,PINK1
MAPK1,pp,PTPN7
ERN1,pp,MAP3K5
ERN1,pp,ERN1
ERN1,pp,BCR
NEK8,pp,TGFBR1
NEK8,pp,NEK8
PTPRR,pp,MAPK7
PTPRR,pp,MAPK3
PTPRR,pp,MAPK1
RASA1,pp,KIT
RASA1,pp,RASA1
RASA1,pp,CSK
RASA1,pp,EPHA2
RASA1,pp,SYK
RASA1,pp,AURKA
RASA1,pp,LYN
RASA1,pp,AURKC
RASA1,pp,TAOK2
RASA1,pp,ROCK2
BRSK2,pp,CDC25B
BRSK2,pp,CDC25C
BRSK2,pp,WEE1
PTPN6,pp,FLT3
PTPN6,pp,JAK2
PTPN6,pp,SRC
PTPN6,pp,BCR
PTPN6,pp,PTPN6
PTPN6,pp,PTPRC
PTPN6,pp,LCK
PTPN6,pp,SIRPA
PTPN6,pp,PTK2B
PTPN6,pp,NTRK1
PTPN6,pp,FYN
PTPN6,pp,PTPRO
PTPN6,pp,ROS1
PTPN6,pp,LYN
PTPN6,pp,JAK3
PKN1,pp,CDC25C
PKN1,pp,PKN1
PKN1,pp,MAPK14
PKN1,pp,MAPK12
PKN1,pp,PPP1R14A
PKN1,pp,MAPK8
PKN1,pp,MAP4K5
PKN1,pp,MAP4K1
PKN1,pp,MAP2K6
CDC7,pp,CDC7
CDC7,pp,CDK4
CDC7,pp,CHEK2
CDC7,pp,AURKB
CDC7,pp,MELK
CDC7,pp,PLK4
CDC7,pp,CIT
MAP2K4,pp,MAP3K14
MAP2K4,pp,MAP2K4
MAP2K4,pp,MAPK14
MAP2K4,pp,MAPK8
MAP2K4,pp,MAP3K10
MAP2K4,pp,MAP3K12
MAP2K4,pp,MAPK10
MAP2K4,pp,MAPK12
MAP2K4,pp,MAPK9
MAP2K4,pp,MAP3K8
MAP2K4,pp,MAP4K1
MAP2K4,pp,DUSP10
MAP2K4,pp,TNIK
MAP2K4,pp,MINK1
CSNK1E,pp,CSNK1E
CSNK1E,pp,CSNK1D
CSNK1E,pp,PRKDC
CSNK1E,pp,MAPK14
STYXL1,pp,PSPH
STYXL1,pp,TGFBR1
PRKCQ,pp,AKT1
PRKCQ,pp,LYN
PRKCQ,pp,FYN
PRKCQ,pp,PRKCQ
PRKCQ,pp,RPS6KA3
PRKCQ,pp,STK39
PRKD2,pp,CASK
PRKD2,pp,MYLK
PRKD2,pp,PTPN3
PRKD2,pp,PRKD2
NEK1,pp,PPP2R5A
NEK1,pp,PPP2R5D
NEK1,pp,NEK4
NEK1,pp,NEK2
DUSP3,pp,MAP2K2
DUSP3,pp,DUSP6
DUSP3,pp,MAPK1
ATR,pp,FLT1
ATR,pp,CHEK1
ATR,pp,KDR
ATR,pp,ABL1
ATR,pp,PPP2R2A
ATR,pp,CHEK2
ATR,pp,ATR
HSPB8,pp,HSPB8
HSPB8,pp,CSNK2A1
HSPB8,pp,CDC2
HSPB8,pp,GSK3B
HSPB8,pp,MAPK14
MAP2K7,pp,MAPK9
MAP2K7,pp,MAPK8
MAP2K7,pp,MAP3K5
MAP2K7,pp,TRIB3
MAP2K7,pp,MAP3K12
MAP2K7,pp,MAP3K11
MAP2K7,pp,MAP2K7
MAP2K7,pp,MAP2K4
MAP2K7,pp,MAPK10
SYK,pp,PTPN6
SYK,pp,RPS6KA2
SYK,pp,MAP4K1
SYK,pp,RPS6KA1
SYK,pp,MAPK3
SYK,pp,JAK1
SYK,pp,SYK
SYK,pp,FYN
SYK,pp,PRKD1
SYK,pp,PRKCA
SYK,pp,BTK
SYK,pp,SRC
SYK,pp,DUSP3
SYK,pp,FGR
SYK,pp,ZAP70
SYK,pp,EGFR
SYK,pp,INSR
SYK,pp,LCK
PPP2CB,pp,PRKCB1
PPP2CB,pp,PPP2R2B
PPP2CB,pp,PPP2R2A
PPP2CB,pp,PPP2R1B
PPP2CB,pp,PPP2R2D
PPP2CB,pp,PPP2R1A
PPP1R11,pp,IGF1R
CCRK,pp,CDK2
AURKA,pp,AURKA
AURKA,pp,CDC25B
AURKA,pp,AURKB
AURKA,pp,LATS2
AURKA,pp,CDC2
AURKA,pp,PRKCA
AURKA,pp,GSK3B
AURKA,pp,RPS6KA3
AURKA,pp,TTK
AURKA,pp,VRK1
AURKA,pp,WEE1
AURKA,pp,CDC7
AURKA,pp,MELK
AURKA,pp,PLK4
AURKA,pp,CIT
AURKA,pp,STK39
CAMK2D,pp,MAP3K5
CAMK2D,pp,CDK2
CAMK2D,pp,PRKCB1
CAMK2D,pp,GSK3B
CAMK2D,pp,RPS6KB1
CAMK2D,pp,MAPK9
AURKB,pp,RASA1
AURKB,pp,PPP1CA
AURKB,pp,TGFBR1
AURKB,pp,PRKG1
AURKB,pp,MELK
AURKB,pp,PLK4
AURKB,pp,CIT
AURKB,pp,AURKB
PDGFRB,pp,ARAF
PDGFRB,pp,FYN
PDGFRB,pp,TYK2
PDGFRB,pp,PDGFRB
PDGFRB,pp,RASA1
PDGFRB,pp,RAF1
PDGFRB,pp,SRC
PDGFRB,pp,LYN
PDGFRB,pp,KIT
PDGFRB,pp,INSR
PDGFRB,pp,TEK
PDGFRB,pp,EGFR
DUSP9,pp,MAPK14
DUSP9,pp,MAPK3
DUSP9,pp,MAPK1
DUSP9,pp,MAPK10
DUSP9,pp,MAP3K4
DUSP9,pp,PAK1
DUSP9,pp,PPP2R1B
DUSP9,pp,MAPK8
DUSP9,pp,MAPK9
DUSP9,pp,MAP2K4
DUSP9,pp,MAP3K12
DUSP9,pp,TNIK
DUSP9,pp,MINK1
ABL2,pp,BCR
ABL2,pp,HCK
ABL2,pp,LCK
ABL2,pp,INSR
PPP2R1B,pp,JAK2
PPP2R1B,pp,SET
PPP2R1B,pp,PPP2R5C
PPP2R1B,pp,PPP2R2B
PPP2R1B,pp,PPP2R2D
PPP2R1B,pp,SNF1LK
PPP2R1B,pp,SNF1LK2
FBP1,pp,FBP2
FBP1,pp,PRKCA
FBP1,pp,PRKACB
FBP1,pp,RPS6KA3
FBP1,pp,FBP1
MYO3A,pp,PRKCB1
TRRAP,pp,CSNK2A2
TRRAP,pp,PRKCB1
TRRAP,pp,RPS6KA3
TRRAP,pp,TLK2
INSRR,pp,INSR
SRPK2,pp,STK4
SRPK2,pp,TEC
SRPK2,pp,ZAP70
SRPK2,pp,MAP3K12
SRPK2,pp,MKNK1
SRPK2,pp,PRPF4B
SRPK2,pp,RPS6KA4
SRPK2,pp,RPS6KA5
SRPK2,pp,STK17B
SRPK2,pp,STK17A
SRPK2,pp,MAP4K4
SRPK2,pp,OXSR1
SRPK2,pp,MAP4K5
SRPK2,pp,MAP4K1
SRPK2,pp,STK38
SRPK2,pp,ICK
SRPK2,pp,TNIK
SRPK2,pp,DAPK2
SRPK2,pp,MINK1
SRPK2,pp,PINK1
SRPK2,pp,WNK1
SRPK2,pp,SNF1LK
ACVR2B,pp,ACVR1B
PCTK1,pp,CDC2
PCTK1,pp,RPS6KA1
PCTK1,pp,RPS6KA3
PCTK1,pp,MAPK8
GSK3B,pp,AKT2
GSK3B,pp,PTK2
GSK3B,pp,PPP1R2
GSK3B,pp,MARK2
GSK3B,pp,PTPN1
GSK3B,pp,PRKCB1
GSK3B,pp,GSK3B
GSK3B,pp,MAP2K5
GSK3B,pp,PPP1CB
GSK3B,pp,PPP1CC
GSK3B,pp,PRKCD
GSK3B,pp,ILK
PIM1,pp,BMX
PIM1,pp,CDC25A
PPP1R14A,pp,CSNK1E
PPP1R14A,pp,CSNK1A1
PPP1R14A,pp,CSNK1G2
PPP1R14A,pp,CSNK1G1
PPP1R14A,pp,CSNK1G3
PPP1R14A,pp,CSNK1D
PPP1R14A,pp,PRKCG
PPP1R14A,pp,PPP1R12B
PPP1R14A,pp,PRKCB1
PPP1R14A,pp,RPS6KA3
JAK1,pp,PDGFRB
JAK1,pp,IGF1R
JAK1,pp,TYK2
JAK1,pp,PRKCZ
JAK1,pp,JAK1
JAK1,pp,PDGFRA
JAK1,pp,PTPN6
JAK1,pp,JAK2
JAK1,pp,INPP5D
JAK1,pp,FES
JAK1,pp,LCK
JAK1,pp,ABL2
JAK1,pp,SRC
STK10,pp,MAPK14
STK10,pp,TGFBR2
STK10,pp,MAP3K14
STK10,pp,PRKD2
EPHA2,pp,PTPN11
EPHA2,pp,EPHA2
EPHA2,pp,MAP2K4
EPHA2,pp,EPHB2
EPHA2,pp,EPHB4
EPHA2,pp,EPHB6
EPHA2,pp,ERBB2
EPHA2,pp,ERBB3
EPHA2,pp,FLT1
EPHA2,pp,LTK
EPHA2,pp,ROR1
EPHA2,pp,PDGFRA
EPHA2,pp,PDGFRB
EPHA2,pp,TEK
MKNK2,pp,MKNK2
MKNK2,pp,MAPK1
MKNK2,pp,MAPK14
MKNK2,pp,MKNK1
MKNK2,pp,CDK2
MKNK2,pp,GSK3B
MKNK2,pp,MAPK8
HCK,pp,HCK
HCK,pp,BCR
HCK,pp,RASA1
HCK,pp,KIT
HCK,pp,LYN
HCK,pp,SYK
HCK,pp,FYN
HCK,pp,IGF1R
HCK,pp,INSR
HCK,pp,SRC
HCK,pp,JAK2
HCK,pp,JAK3
HCK,pp,MATK
PPP1R3A,pp,RPS6KA3
PPP1R3A,pp,PPP1R3A
YES1,pp,KIT
YES1,pp,RASA1
YES1,pp,CSF1R
YES1,pp,JAK2
YES1,pp,EGFR
YES1,pp,YES1
YES1,pp,LCK
YES1,pp,IGF1R
YES1,pp,INSR
YES1,pp,PDGFRB
YES1,pp,FYN
CLK4,pp,CLK4
MAST1,pp,PTEN
WNK1,pp,MAP3K2
WNK1,pp,STK39
WNK1,pp,OXSR1
WNK1,pp,SNF1LK
PDPK1,pp,RPS6KB2
PDPK1,pp,PKN1
PDPK1,pp,PRKCB1
PDPK1,pp,RPS6KA1
PDPK1,pp,SGK2
PDPK1,pp,FRAP1
PDPK1,pp,ILK
PDPK1,pp,AKT2
PDPK1,pp,PRKCI
PDPK1,pp,PAK1
PDPK1,pp,PDPK1
PDPK1,pp,PRKACA
PDPK1,pp,RPS6KB1
PDPK1,pp,PRKCE
PDPK1,pp,AKT3
PDPK1,pp,AKT1
PDPK1,pp,SGK3
PDPK1,pp,PRKCZ
PDPK1,pp,PKN2
PDPK1,pp,PRKCA
PDPK1,pp,PRKG1
PDPK1,pp,HCK
PDPK1,pp,IGF1R
PDPK1,pp,MAPK1
PDPK1,pp,PTPN2
PDPK1,pp,PHKG1
PDPK1,pp,ROCK1
PDPK1,pp,TAOK2
PDPK1,pp,TNK2
PDPK1,pp,TESK2
PDPK1,pp,PRKCH
PDPK1,pp,PRKCQ
PDPK1,pp,RPS6KA3
PDPK1,pp,PRKCD
MAP3K14,pp,EGFR
MAP3K14,pp,IKBKB
MAP3K14,pp,MAP3K7
MAP3K14,pp,CHUK
MAP3K14,pp,RIPK1
MAP3K14,pp,MAP3K14
MAP3K14,pp,MAP3K1
MAP3K14,pp,TBK1
MAP3K14,pp,PPM1F
MAP3K14,pp,PRKD2
MAP3K14,pp,MAPK3
CDK8,pp,BRD2
CDK8,pp,NEK4
CDK8,pp,CDC7
CDK8,pp,CIT
PPM1F,pp,CAMK2A
PPM1F,pp,PAK1
PPM1F,pp,PPM1F
PPM1F,pp,CAMK1
PPM1F,pp,CAMK4
PPM1F,pp,PAK4
PMPCA,pp,BMPR2
FLT4,pp,PTPN11
FLT4,pp,KDR
FLT4,pp,PTK2
FLT4,pp,FLT4
FLT4,pp,TIE1
FLT4,pp,PDGFRA
FLT4,pp,LYN
PRKAA1,pp,RAF1
PRKAA1,pp,PFKFB2
PRKAA1,pp,EEF2K
PRKAA1,pp,RPS6KA3
PRKAA1,pp,RASA1
MAP2K1,pp,CDC2
MAP2K1,pp,PRKCZ
MAP2K1,pp,MAP2K1
MAP2K1,pp,PRKCI
MAP2K1,pp,MAP2K2
MAP2K1,pp,RPS6KA4
MAP2K1,pp,TRIB3
MAP2K1,pp,MAP2K3
MAP2K1,pp,MAP2K4
MAP2K1,pp,GSK3B
MAP2K1,pp,RPS6KA3
MAP2K1,pp,MAP3K11
MAP2K1,pp,MAPK14
DAPK3,pp,DAPK3
DAPK3,pp,PRKCZ
DAPK3,pp,PPP1R14A
TNIK,pp,ACP1
TNIK,pp,PPP2R1A
TNIK,pp,SET
TNIK,pp,MAPK1
TNIK,pp,DAPK2
TNIK,pp,STK39
TNIK,pp,MINK1
TNIK,pp,PINK1
TNIK,pp,WNK1
TNIK,pp,SNF1LK
NPR2,pp,NPR2
NPR2,pp,CSNK1E
NPR2,pp,PRKCB1
HIPK2,pp,HIPK2
TYK2,pp,PTPN6
TYK2,pp,TYK2
TYK2,pp,LYN
TYK2,pp,FYN
TYK2,pp,PTPN1
NEK4,pp,AURKA
NEK4,pp,TTK
NEK4,pp,WEE1
NEK4,pp,CDC7
NEK4,pp,CIT
LTK,pp,RAF1
LTK,pp,RASA1
LTK,pp,ROR1
LTK,pp,PDGFRA
LTK,pp,PDGFRB
LTK,pp,PDPK1
LTK,pp,PHKG1
LTK,pp,PKN2
LTK,pp,TEK
LTK,pp,TNK2
LTK,pp,TSSK2
LTK,pp,PINK1
PTPN13,pp,PTP4A2
PTPN13,pp,PRKACA
RIPK3,pp,RIPK1
RIPK3,pp,PPP1CB
RIPK3,pp,PPP1CC
RIPK3,pp,PPP1R12A
RIPK3,pp,PRKDC
RIPK3,pp,PPP1R9B
RIPK3,pp,DAPK1
PPP2R4,pp,PTPN11
PPP2R4,pp,CSNK2A1
PPFIA1,pp,PPFIA1
PPFIA1,pp,PPFIA2
PPFIA1,pp,PTPRS
PPFIA1,pp,PTPRF
PPFIA1,pp,PPFIA3
PPFIA1,pp,PTPRD
PPFIA1,pp,CDK2
PPFIA1,pp,CDC2
PPFIA1,pp,GSK3B
PPFIA1,pp,MAPK14
PPFIA1,pp,MAPK10
PPFIA1,pp,PTPRC
PPFIA1,pp,PPFIBP1
PAK4,pp,LIMK1
IGF1R,pp,PRKD1
IGF1R,pp,PRKCD
IGF1R,pp,RASA1
IGF1R,pp,MAP3K5
IGF1R,pp,CSK
IGF1R,pp,JAK2
IGF1R,pp,INSR
IGF1R,pp,FYN
IGF1R,pp,IRAK1
IGF1R,pp,LTK
IGF1R,pp,MAP3K9
IGF1R,pp,MAP3K10
IGF1R,pp,MAP3K11
IGF1R,pp,PRKCZ
IGF1R,pp,TTN
IGF1R,pp,MAP3K12
IGF1R,pp,CDC2L5
IGF1R,pp,TNK1
IGF1R,pp,HIPK3
IGF1R,pp,CAMKK2
IGF1R,pp,TAOK3
IGF1R,pp,CRKRS
IGF1R,pp,IGF1R
ALS2CR2,pp,STK11
PPP6C,pp,TGFBR1
PPP6C,pp,IGBP1
EPHB1,pp,EPHB1
EPHB1,pp,PDGFRB
NTRK3,pp,MAPK1
NTRK3,pp,PTPN1
NTRK3,pp,IGF1R
NTRK3,pp,INSR
CDC2,pp,PPP1CA
CDC2,pp,BUB1
CDC2,pp,LATS1
CDC2,pp,ABL1
CDC2,pp,EGFR
CDC2,pp,TGFBR2
CDC2,pp,PTPN2
CDC2,pp,PTPN1
CDC2,pp,RPS6KB1
CDC2,pp,CHEK1
CDC2,pp,PBK
CDC2,pp,CSNK2A1
CDC2,pp,CDC2
CDC2,pp,CLK4
CDC2,pp,CDK5
CDC2,pp,CDK2
CDC2,pp,CDKL5
CDC2,pp,CHEK2
CDC2,pp,CDK6
CDC2,pp,CDK4
CDC2,pp,CDK3
CDC2,pp,CDKL2
CDC2,pp,IGF1R
CDC2,pp,LCK
CDC2,pp,CDK8
CDC2,pp,CSK
CDC2,pp,ERBB2
CDC2,pp,SYK
CDC2,pp,SRPK1
CDC2,pp,NEK4
CDC2,pp,TTK
CDC2,pp,VRK1
CDC2,pp,CDC7
CDC2,pp,AURKB
CDC2,pp,MELK
CDC2,pp,PLK4
CDC2,pp,CIT
CDC2,pp,STK39
CDC2,pp,DUT
CDC2,pp,CDC25A
ACVRL1,pp,TGFBR2
ACVRL1,pp,TGFBR1
ACVRL1,pp,ALK
ACVRL1,pp,BMPR1A
ACVRL1,pp,MAP3K7
CHEK2,pp,CDC25A
CHEK2,pp,CHEK2
CHEK2,pp,PPP2R2B
CHEK2,pp,CDC25C
CHEK2,pp,PPP2R5D
CHEK2,pp,PPP2R5E
CHEK2,pp,PPP2R5A
CHEK2,pp,PPP2R5C
CHEK2,pp,PRKDC
CHEK2,pp,CSNK1E
CHEK2,pp,PRKCA
CHEK2,pp,GSK3B
CHEK2,pp,MAPK8
SGK3,pp,GSK3A
SGK3,pp,GSK3B
FGFR3,pp,FGFR3
FGFR3,pp,FGFR2
FGFR3,pp,FGFR4
FGFR3,pp,IGF1R
PTPRM,pp,PTPRA
PTPRM,pp,PTPRM
TAOK1,pp,MARK1
TAOK1,pp,MAP2K3
PTPN5,pp,FYN
RIPK2,pp,RIPK2
PTPN22,pp,CSK
FGR,pp,FGR
FGR,pp,SRC
FGR,pp,LYN
FGR,pp,HCK
FGR,pp,FYN
FGR,pp,INSR
FGR,pp,CSNK2A1
FGR,pp,EIF2AK2
MAP3K7,pp,MAPK8
MAP3K7,pp,CHUK
MAP3K7,pp,ALS2CR2
MAP3K7,pp,MAP2K4
MAP3K7,pp,MAP4K1
MAP3K7,pp,IKBKB
MAP3K7,pp,MAP3K3
MAP3K7,pp,MAP3K7
MAP3K7,pp,MAP3K5
MAP3K7,pp,HIPK2
MAP3K7,pp,PRKG1
MAP3K7,pp,MAP2K6
AKT2,pp,CHUK
AKT2,pp,AKT1
AKT2,pp,PTEN
AKT2,pp,AKT3
AKT2,pp,ERBB2
AKT2,pp,CSNK1A1
AKT2,pp,PPP2CA
AKT2,pp,AKT2
PTPRB,pp,PRKCA
PTPRB,pp,MET
ANP32A,pp,PTPRC
CSNK1G3,pp,CSNK1G1
DUSP2,pp,MAPK14
DUSP2,pp,EPHB2
DUSP2,pp,MAPK3
DUSP2,pp,PPP2R1B
EIF2AK2,pp,PPP2R5A
EIF2AK2,pp,EIF2AK2
EIF2AK2,pp,BCR
EIF2AK2,pp,PTPN11
EIF2AK2,pp,MAP3K7
EIF2AK2,pp,PDGFRB
TGFBR1,pp,TGFBR1
TGFBR1,pp,MYO3A
TGFBR1,pp,PPP1CA
TGFBR1,pp,ILKAP
TGFBR1,pp,DUSP6
TGFBR1,pp,DUSP10
TGFBR1,pp,EIF2AK1
TGFBR1,pp,UHMK1
TGFBR1,pp,TSSK3
TGFBR1,pp,CSNK1D
TGFBR1,pp,EIF2AK4
TGFBR1,pp,MAP2K3
TGFBR1,pp,MKNK2
TGFBR1,pp,CDKL1
TGFBR1,pp,BCR
TGFBR1,pp,TSSK1B
TGFBR1,pp,TSSK4
